"","V1","V2","V3","V4","V5","V6","V7","V8","V9","V10","V11","V12","V13","V14","V15","V16","V17","V18","V19","V20","V21","V22","V23","V24","V25","V26","V27","V28","V29","V30","V31","V32","V33","V34","V35","V36","V37","V38","V39","V40"
"1",1,1,0,1,0,0,0,0,0,0,0,0,0,0,1,1,1,0,1,1,1,1,1,0,1,1,0,0,1,0,1,0,0,0,0,0,0,0,1,0
"2",1,0,0,1,0,1,1,0,0,0,0,0,1,1,0,0,1,0,1,0,1,1,1,1,1,0,1,1,0,0,1,1,0,1,1,1,1,0,1,0
"3",1,0,0,1,1,0,1,1,0,1,1,1,1,1,0,1,1,1,1,1,1,1,1,0,0,0,1,0,0,0,0,0,0,1,1,1,1,1,1,0
"4",1,1,1,0,1,1,1,0,0,0,1,0,0,0,0,1,1,0,1,0,1,0,1,0,0,1,0,0,0,1,0,1,0,0,1,1,0,0,1,0
"5",1,1,0,1,1,1,0,1,1,0,0,1,0,0,0,0,0,1,1,1,0,1,1,0,0,0,1,0,0,0,0,0,0,1,0,0,0,1,1,1
"6",0,0,0,0,0,1,1,1,0,0,1,0,0,0,0,1,1,0,1,0,1,1,1,1,1,1,1,1,0,1,0,0,0,0,1,0,1,1,1,1
"7",0,1,0,1,1,0,1,1,0,0,0,1,0,0,0,1,1,0,1,0,1,0,0,0,0,1,1,0,0,1,0,0,0,0,0,0,0,0,1,1
"8",1,0,0,1,0,0,1,1,1,0,0,1,1,1,0,1,1,0,1,1,0,1,1,0,0,0,0,1,1,0,1,1,0,0,0,0,0,0,1,0
"9",1,1,0,1,0,1,0,1,0,1,1,1,1,0,0,0,1,1,1,0,1,1,1,1,1,1,1,1,0,1,0,0,0,0,1,0,0,1,1,0
"10",1,1,0,1,0,1,0,1,0,1,1,0,0,1,0,0,1,1,1,1,1,1,1,0,1,1,1,0,0,1,0,0,0,1,0,1,0,0,1,0
"11",1,1,0,0,0,1,1,0,0,0,1,1,1,1,1,1,1,0,1,1,0,0,1,0,0,1,1,0,0,0,0,0,1,0,0,1,0,1,1,0
"12",1,1,0,1,0,1,1,0,0,0,1,0,1,0,0,0,1,1,1,0,1,1,0,1,0,1,1,1,1,0,0,0,0,0,1,1,0,1,1,1
"13",1,1,0,1,0,0,0,0,0,0,1,0,0,1,0,1,1,1,1,1,1,1,1,0,1,0,0,0,0,1,0,1,1,1,0,0,0,0,1,0
"14",1,1,0,1,1,1,1,0,0,0,1,0,0,1,0,1,1,1,1,0,1,0,1,0,1,0,1,1,0,1,0,1,0,0,0,0,0,1,1,0
"15",1,1,0,1,0,1,0,0,0,0,1,1,0,0,0,0,1,1,1,1,1,1,1,0,1,1,0,0,0,1,0,1,0,0,1,0,0,0,1,1
"16",1,0,1,0,0,0,0,1,0,1,1,1,0,1,0,0,1,1,1,1,1,1,1,0,1,0,1,1,1,0,0,1,0,1,0,0,0,0,1,0
"17",1,1,1,1,1,0,1,0,0,0,1,1,1,0,1,1,0,1,1,1,1,1,1,0,0,1,1,0,0,0,0,1,0,1,1,0,0,1,1,1
"18",0,0,0,1,1,0,1,0,0,0,1,0,0,1,0,0,1,0,1,1,1,1,0,0,0,1,0,0,1,1,0,0,0,0,1,0,0,1,1,0
"19",0,1,1,0,0,1,1,1,0,0,1,1,0,1,0,0,1,0,1,1,1,0,1,1,1,1,1,0,0,0,1,0,0,0,0,0,1,0,1,1
"20",0,0,0,1,1,1,0,0,0,0,1,0,0,0,1,0,1,0,1,0,1,1,1,0,1,1,0,0,1,0,1,0,0,0,0,0,0,0,1,1
"21",0,1,0,1,0,0,1,1,0,0,0,1,0,0,0,0,1,0,1,1,1,1,1,1,0,1,1,1,0,1,0,0,1,1,0,1,0,0,1,1
"22",1,1,0,1,0,1,1,0,0,0,1,1,0,1,0,1,1,0,0,1,1,0,1,1,1,1,0,1,0,0,0,1,1,0,1,0,0,0,1,1
"23",1,0,1,1,0,0,0,0,0,1,1,0,0,0,1,0,0,0,1,0,0,0,1,1,0,1,1,1,0,0,1,1,0,1,1,1,1,1,1,1
"24",0,1,1,0,0,1,1,1,0,0,0,0,0,1,0,0,1,1,1,1,1,1,1,1,0,0,1,0,0,0,0,1,0,0,1,1,0,1,1,0
"25",0,0,0,1,0,1,1,0,1,0,0,0,1,0,0,0,1,1,0,1,1,1,0,0,0,1,1,0,0,1,0,0,0,0,1,0,0,1,1,0
"26",1,1,1,1,1,1,0,1,0,1,1,0,0,0,0,1,1,0,0,1,1,1,1,0,1,1,1,0,0,0,0,0,0,1,0,0,0,1,0,1
"27",1,1,0,0,0,0,1,0,0,1,1,0,1,0,1,0,1,1,1,0,0,1,1,0,0,1,1,1,0,1,0,0,0,0,1,0,0,0,1,1
"28",1,0,0,1,1,0,1,1,0,1,1,0,0,1,0,1,0,0,1,0,0,1,1,1,1,0,1,0,0,0,0,1,1,0,0,0,0,1,1,0
"29",0,1,0,0,0,1,0,0,0,0,1,1,1,0,1,0,0,1,1,1,1,1,1,1,1,1,1,1,1,0,0,0,0,1,0,1,0,1,1,0
"30",1,0,0,1,1,1,0,0,1,0,1,0,1,1,1,1,1,1,1,0,0,1,0,0,0,0,0,1,0,0,0,1,0,0,0,0,0,1,1,0
"31",0,0,0,0,0,1,1,0,1,0,0,1,0,1,1,0,1,1,1,1,0,0,1,0,1,0,1,1,1,0,0,0,0,0,0,1,0,0,1,1
"32",0,0,0,1,0,1,0,1,1,1,1,1,0,0,0,1,0,1,0,1,0,1,1,0,0,0,1,0,1,0,0,0,1,1,1,0,1,1,1,0
"33",0,0,0,1,1,1,0,1,0,1,1,1,1,0,1,0,1,1,1,0,1,1,1,1,1,0,1,0,0,1,1,1,0,0,1,0,0,0,1,1
"34",1,0,0,0,0,0,1,0,0,1,0,0,0,1,0,0,1,1,1,1,0,0,0,0,0,1,0,1,0,1,0,0,0,1,0,0,0,1,1,0
"35",1,1,0,1,0,1,1,1,1,1,1,0,0,1,0,0,1,1,1,1,1,1,1,1,0,0,1,1,0,1,1,1,0,1,1,1,0,0,1,1
"36",1,0,0,0,0,0,0,1,0,0,0,0,1,1,0,0,0,1,1,0,1,1,0,0,0,1,1,1,1,0,1,0,0,1,1,0,0,1,1,1
"37",1,1,0,1,1,1,1,0,0,0,1,0,1,1,1,0,1,0,1,1,1,1,1,0,1,1,1,1,0,0,0,0,0,1,0,1,0,0,1,1
"38",1,1,0,0,1,1,0,1,0,0,1,0,1,0,0,1,1,0,0,1,1,1,1,0,1,1,1,1,1,1,0,0,1,1,1,1,1,0,1,1
"39",1,1,0,1,1,1,0,1,0,0,1,1,1,1,0,0,1,0,1,1,1,1,1,0,0,1,0,0,0,1,0,1,0,0,1,1,1,1,1,0
"40",1,1,0,1,1,0,0,1,0,0,1,0,0,0,1,0,1,0,1,1,1,0,1,0,1,1,0,0,1,1,1,1,0,1,1,1,1,1,1,1
"41",1,0,0,0,0,0,1,0,0,0,1,0,1,0,0,0,1,1,1,0,1,0,1,0,1,1,0,0,0,0,0,0,1,1,1,1,0,0,1,1
"42",1,1,1,1,0,1,0,1,0,1,1,1,0,0,0,1,1,1,1,1,1,1,1,0,0,0,1,1,1,0,0,1,1,1,1,0,0,0,1,1
"43",0,1,0,0,0,1,1,1,0,0,1,0,1,1,0,1,1,1,1,0,0,1,1,0,0,0,1,0,0,1,0,0,0,0,1,0,0,0,1,0
"44",0,0,0,1,1,1,1,1,0,1,1,1,1,1,1,0,1,1,1,1,1,1,1,0,1,1,0,0,1,0,1,1,0,1,0,0,1,1,1,0
"45",0,0,0,1,0,1,1,1,0,0,1,1,0,0,1,0,1,1,1,0,1,1,1,0,0,1,1,0,1,0,0,0,1,1,1,0,0,1,1,1
"46",1,0,1,1,0,1,1,0,0,1,0,0,0,0,0,1,0,0,1,1,1,1,1,1,1,1,1,1,1,1,1,0,0,1,1,1,0,1,1,1
"47",1,1,0,0,0,1,1,0,0,0,1,1,0,0,0,0,1,0,1,0,1,1,1,0,1,1,1,1,0,0,1,1,0,0,1,0,0,1,1,1
"48",0,0,0,1,1,1,1,0,0,0,1,1,1,1,0,1,0,1,1,0,1,1,1,1,1,0,1,1,0,0,0,0,0,1,0,0,0,1,1,0
"49",1,1,1,1,0,0,1,0,0,0,0,0,1,0,0,1,1,0,1,1,1,0,1,0,0,1,1,1,0,0,0,0,0,1,1,0,0,0,1,0
"50",0,1,0,1,0,1,0,0,0,1,1,0,1,0,0,0,0,1,1,0,1,0,0,0,1,0,1,0,1,0,0,0,0,1,0,0,1,0,1,1
"51",1,0,0,0,1,1,1,1,1,1,1,0,1,1,0,1,1,1,1,0,0,0,1,0,0,1,1,1,0,0,0,0,1,1,1,0,0,1,1,1
"52",1,1,0,1,1,1,1,0,1,0,0,1,1,0,0,0,0,1,1,0,1,1,1,0,0,1,1,0,0,0,1,0,0,0,1,0,0,1,1,1
"53",1,1,1,0,1,1,0,1,1,0,1,1,1,0,0,0,0,1,1,1,1,1,1,1,1,1,0,1,1,0,0,0,1,0,1,0,0,1,1,1
"54",1,0,1,1,0,1,0,1,1,0,1,0,1,0,0,1,1,1,1,1,1,1,1,0,1,0,1,0,1,1,0,0,0,1,1,0,0,0,1,1
"55",1,1,0,1,0,0,0,0,0,0,1,1,0,0,0,0,1,1,1,0,1,1,1,0,1,1,1,0,0,0,0,0,0,1,0,0,0,1,1,0
"56",1,0,0,1,1,0,1,0,1,1,1,0,1,0,0,1,1,0,1,0,1,1,0,0,1,1,1,0,1,0,0,1,0,1,1,0,0,1,1,0
"57",1,1,0,1,0,0,1,1,1,1,1,1,0,1,1,1,0,0,1,1,0,1,1,0,0,1,1,1,1,1,0,1,0,1,1,0,0,1,1,0
"58",1,1,0,0,0,1,1,1,0,0,1,1,0,1,0,1,1,1,1,0,1,1,1,0,1,1,1,1,1,0,0,0,0,0,1,0,0,0,0,1
"59",1,0,0,0,0,1,1,0,0,1,1,1,1,1,0,0,1,0,1,0,0,1,1,0,1,1,1,1,1,0,0,0,0,1,1,1,0,0,1,1
"60",0,0,0,1,1,1,1,0,0,0,1,1,0,0,0,0,0,0,1,1,1,1,0,0,0,0,1,1,1,1,1,0,0,1,1,0,0,1,0,1
"61",0,1,0,1,1,0,1,0,0,1,1,0,1,1,0,0,1,0,1,1,1,1,1,0,1,1,1,1,0,0,1,1,0,1,1,1,0,1,1,0
"62",0,0,0,0,1,1,0,1,0,0,1,1,1,0,0,0,0,0,1,1,1,1,1,0,0,1,1,0,1,0,1,0,0,1,0,1,1,0,1,1
"63",1,1,0,1,0,1,1,1,0,0,1,0,1,1,0,1,1,1,1,1,1,0,1,1,1,1,1,0,0,1,0,0,0,1,1,0,0,1,1,0
"64",1,1,0,0,1,0,0,1,1,1,0,1,0,0,0,0,1,1,1,1,1,1,1,1,0,0,1,1,0,0,1,1,0,0,1,0,0,0,1,0
"65",1,0,0,1,1,1,1,1,1,1,1,1,0,0,1,0,1,1,1,1,0,1,1,0,1,1,0,1,1,1,0,0,0,1,1,1,0,1,1,0
"66",1,0,0,0,0,0,0,0,0,1,1,1,1,1,0,0,1,1,1,0,1,1,1,0,1,1,0,1,0,0,0,0,0,1,0,0,0,1,1,1
"67",1,1,0,1,1,1,1,0,0,1,1,1,0,0,0,0,0,1,1,1,1,1,1,1,0,1,1,1,0,1,1,1,1,0,1,0,0,1,1,0
"68",1,0,0,1,1,0,0,0,0,1,1,0,0,0,0,1,1,1,1,1,1,1,1,1,1,1,1,1,1,1,1,0,0,1,1,0,0,0,1,0
"69",1,0,0,1,0,0,1,1,1,0,1,0,0,1,0,0,1,0,1,1,1,0,0,1,0,0,1,1,1,0,0,0,0,1,1,0,0,1,1,1
"70",1,0,0,1,0,1,1,1,0,1,1,0,0,1,0,0,1,1,0,0,1,0,1,1,0,1,0,0,0,0,0,1,0,0,1,0,0,1,1,1
"71",1,1,0,1,0,1,1,1,0,1,0,1,1,1,0,0,1,1,1,0,1,0,1,0,0,0,1,1,0,0,1,1,0,1,1,0,0,0,1,1
"72",1,1,0,0,1,1,1,1,0,0,1,0,0,1,0,1,0,0,0,1,1,0,0,1,0,1,0,0,1,1,0,0,0,1,0,0,0,0,1,1
"73",0,0,0,1,0,0,1,1,0,0,1,1,1,1,1,1,0,0,1,1,0,0,1,0,1,1,1,1,1,1,0,0,0,1,0,0,0,0,1,1
"74",0,1,0,1,1,0,0,1,0,0,1,1,0,1,1,0,0,1,1,0,1,0,0,1,1,1,1,0,1,0,0,1,0,0,1,0,0,0,1,1
"75",0,1,0,0,1,1,0,1,0,0,1,0,0,0,0,1,1,0,1,0,1,1,0,0,0,0,0,0,1,0,0,0,1,0,1,0,0,1,1,1
"76",1,0,0,1,0,1,0,0,0,0,1,0,1,1,0,0,1,1,1,0,0,0,1,0,1,1,1,1,0,0,0,0,0,1,1,0,0,0,1,0
"77",1,0,0,0,0,1,0,1,1,0,0,0,0,1,0,1,0,0,0,0,1,1,0,0,1,1,1,1,1,0,0,0,0,1,1,0,0,1,1,0
"78",1,1,0,0,0,1,0,1,1,0,1,0,1,1,0,0,0,0,1,1,0,1,1,0,1,1,0,0,0,1,0,0,0,1,1,0,0,1,1,1
"79",1,1,0,1,0,1,1,1,0,0,0,0,1,1,0,1,1,0,1,0,0,1,1,0,1,1,0,1,0,1,0,0,0,1,0,1,0,1,1,1
"80",0,0,0,1,0,0,0,0,1,0,1,0,1,1,0,1,0,0,0,0,0,1,1,0,0,1,0,0,1,0,1,0,0,1,1,0,0,0,0,1
"81",1,1,0,0,1,1,0,1,0,1,0,0,0,1,0,0,0,0,1,0,1,0,0,1,1,1,0,0,0,0,0,0,0,0,1,0,0,1,1,1
"82",1,0,0,0,0,0,0,1,0,0,0,1,0,0,0,1,0,0,1,0,0,1,1,1,1,0,1,0,0,0,0,0,0,0,0,1,1,0,1,1
"83",1,1,0,1,0,0,0,1,0,0,1,0,0,1,0,1,1,1,1,1,1,1,1,0,1,1,1,0,0,1,0,1,0,1,1,0,0,1,1,0
"84",1,0,1,1,1,1,0,1,0,0,0,1,1,0,0,0,1,1,1,1,0,1,1,0,0,0,0,0,1,0,0,0,0,0,1,1,1,0,1,0
"85",1,1,0,1,0,1,0,1,0,0,1,1,1,1,0,0,1,1,1,1,1,1,1,1,0,1,0,1,0,1,0,0,1,0,1,0,0,0,1,1
"86",1,0,1,1,0,1,1,1,0,0,1,0,0,1,0,1,0,1,1,1,1,0,0,1,0,1,1,1,0,0,1,1,0,1,1,0,0,1,0,0
"87",0,1,0,1,0,1,0,1,0,0,1,1,0,0,0,1,0,1,1,0,1,1,1,0,1,1,1,0,0,0,1,0,1,1,0,1,0,1,1,1
"88",1,0,1,0,0,1,1,1,1,0,1,1,0,0,1,1,1,0,1,0,1,1,1,1,1,1,1,0,0,1,0,0,0,0,0,0,0,1,1,0
"89",0,1,0,1,1,1,1,1,0,0,1,0,0,1,0,0,1,0,1,0,1,0,1,0,1,1,1,1,1,1,0,1,0,0,1,1,0,0,1,1
"90",1,0,0,1,1,1,1,1,0,1,1,0,1,1,0,0,1,0,1,0,0,1,1,0,0,1,0,1,0,0,0,0,1,0,1,1,0,0,1,0
"91",1,1,0,1,1,1,0,1,0,0,1,0,1,0,1,1,1,1,1,0,1,1,1,0,0,1,1,0,1,0,0,1,1,1,0,0,0,1,1,0
"92",1,1,0,1,0,1,1,0,1,0,1,1,0,1,0,1,1,1,0,0,0,0,0,1,1,1,1,0,0,0,0,1,0,0,0,0,0,0,1,0
"93",1,1,0,0,1,1,0,1,0,1,1,1,0,1,0,1,0,0,1,1,1,0,1,1,1,1,1,1,1,1,0,0,0,0,1,0,0,1,1,1
"94",1,1,0,1,0,1,0,0,0,0,1,0,1,1,0,0,0,0,1,0,1,1,1,1,0,0,1,1,0,0,0,0,1,0,0,1,0,0,1,0
"95",1,0,0,1,1,0,1,1,0,1,0,0,0,0,1,1,1,1,1,0,0,0,1,0,1,1,1,0,1,0,0,0,1,1,1,1,0,1,1,1
"96",1,0,0,1,0,0,1,1,0,0,1,1,0,0,0,1,1,1,1,0,1,1,1,1,0,1,1,0,0,0,1,0,0,1,1,0,0,1,1,1
"97",1,1,0,0,1,0,0,1,1,0,1,1,0,0,0,0,1,1,1,1,1,1,1,1,0,1,0,1,0,1,0,1,0,1,0,1,0,1,1,0
"98",1,1,0,1,1,0,1,0,0,0,1,1,1,0,1,1,1,1,1,1,0,1,1,0,1,0,1,0,0,0,1,0,0,1,1,0,0,1,1,0
"99",1,0,0,1,0,1,1,0,0,0,1,0,0,1,0,1,1,0,1,1,1,1,1,1,1,0,1,0,1,1,0,0,0,0,0,0,0,0,1,0
"100",1,0,0,0,1,1,0,1,0,0,1,0,1,0,0,0,1,1,1,1,1,1,1,0,1,1,1,0,0,0,0,0,0,0,0,1,0,0,1,1
"101",1,0,0,1,0,1,1,1,0,0,1,1,0,1,1,1,0,0,1,1,1,1,1,0,0,0,0,0,1,0,0,1,1,1,1,1,0,1,1,1
"102",1,1,1,1,0,0,0,1,0,0,0,1,0,1,1,1,1,1,1,1,1,0,0,1,1,1,1,1,0,1,0,1,0,0,0,1,0,1,1,0
"103",1,1,0,1,0,1,1,1,0,1,1,1,0,0,1,1,1,1,1,1,1,1,1,1,0,1,0,1,0,1,0,0,0,1,1,1,0,1,1,0
"104",0,1,0,1,0,1,1,1,0,0,1,0,1,0,0,0,1,0,1,1,0,1,1,0,0,0,1,1,0,0,1,0,0,1,0,0,0,1,1,0
"105",1,0,1,1,1,1,0,1,0,0,1,1,0,1,0,0,1,0,1,1,1,1,1,0,1,1,1,0,1,0,0,0,1,1,1,0,0,1,1,0
"106",1,0,0,1,0,1,1,1,0,0,0,0,0,1,0,0,1,0,1,0,1,0,1,1,1,1,1,1,0,1,1,0,0,1,0,0,1,0,1,1
"107",1,0,0,1,0,1,1,1,0,1,1,0,1,1,0,1,1,1,1,0,1,1,1,0,1,1,0,1,0,0,0,0,0,1,0,1,0,0,1,0
"108",1,1,0,0,0,1,1,1,0,0,1,0,0,0,1,0,1,0,0,0,0,1,1,1,1,0,0,0,1,0,0,1,0,1,1,0,0,1,1,1
"109",0,1,0,1,1,0,0,1,0,0,1,1,1,1,0,1,1,1,1,0,0,1,1,0,0,0,1,1,0,0,0,0,0,1,1,0,0,0,1,0
"110",1,1,0,1,1,1,1,1,0,0,1,0,1,1,0,1,1,1,0,0,1,1,0,0,0,0,1,1,1,0,1,0,0,1,0,0,0,0,1,1
"111",0,1,0,0,0,1,1,1,1,0,1,0,0,0,0,0,1,0,0,1,1,1,0,0,1,1,1,0,0,0,0,0,0,1,0,1,0,1,0,0
"112",1,1,0,1,1,1,0,0,0,0,1,0,1,1,0,0,1,1,1,1,1,1,1,0,1,0,1,1,0,0,0,0,0,0,1,0,0,0,1,1
"113",1,1,0,1,1,1,0,0,0,0,1,0,0,1,1,0,1,1,1,0,1,0,1,1,1,0,1,0,0,1,0,0,0,0,1,1,0,1,1,1
"114",0,1,0,1,1,0,0,1,0,1,1,0,0,0,0,1,1,1,1,0,1,0,1,0,1,1,1,0,0,1,0,0,0,1,1,0,0,1,1,0
"115",1,0,0,0,1,1,0,1,0,0,1,1,1,0,1,1,1,1,1,0,1,1,1,0,0,1,1,0,1,1,1,0,0,0,0,0,0,0,1,0
"116",0,0,0,0,0,1,1,0,1,0,0,1,1,0,0,1,1,1,1,1,1,1,1,0,1,1,1,1,1,1,0,0,0,1,1,1,0,0,1,1
"117",0,1,1,1,0,1,1,1,0,0,0,0,1,1,0,1,0,1,1,0,1,1,1,0,1,0,1,0,0,0,0,1,0,1,0,1,1,0,1,1
"118",1,1,0,1,1,1,1,1,1,0,1,0,0,1,0,1,1,0,1,0,0,0,1,1,0,1,0,1,1,1,1,0,0,0,0,1,1,1,1,0
"119",1,1,0,1,1,1,1,0,0,0,0,0,1,1,1,0,0,1,1,1,0,1,1,1,1,1,0,1,0,1,0,0,0,0,1,0,1,1,1,1
"120",1,0,0,0,1,1,0,1,0,1,1,0,0,1,0,0,1,0,1,1,0,1,0,0,0,1,1,0,0,0,0,0,0,1,1,0,0,0,1,1
"121",1,0,0,1,1,1,0,1,0,0,1,0,0,0,1,1,1,1,1,1,1,1,0,0,1,1,1,1,1,1,1,1,0,0,1,0,1,1,0,0
"122",0,1,1,1,0,1,1,1,0,0,1,0,0,0,1,1,0,1,0,1,1,0,1,1,1,0,0,0,1,0,0,1,0,1,1,1,0,0,0,0
"123",1,0,0,0,1,1,1,0,1,0,1,1,1,0,0,0,1,0,1,1,1,1,1,0,1,1,0,0,1,0,1,1,0,1,1,1,0,0,1,0
"124",0,1,0,1,0,1,1,1,1,0,1,0,0,1,1,1,0,1,0,0,0,1,1,0,0,1,1,1,1,1,0,1,0,1,0,1,0,1,1,1
"125",1,1,0,1,0,1,1,0,1,0,1,0,0,0,1,1,1,0,1,1,1,0,0,0,1,1,1,1,0,0,0,1,0,0,0,0,0,1,1,1
"126",1,1,0,1,1,0,0,1,0,0,1,0,1,1,0,1,1,1,0,0,0,1,1,1,1,1,0,0,0,0,0,0,0,0,1,0,0,0,1,1
"127",0,0,1,1,0,1,1,1,0,0,1,0,0,1,0,0,1,0,1,0,1,1,1,1,0,1,0,0,1,1,0,0,1,1,1,1,0,1,1,1
"128",0,0,0,0,0,1,1,1,0,0,1,0,0,1,0,1,1,1,1,0,1,1,1,1,1,1,1,0,1,0,0,0,1,1,1,1,0,0,1,1
"129",0,1,0,1,0,1,0,1,0,0,1,0,1,0,0,0,1,1,1,1,0,1,1,0,0,0,0,0,1,0,0,0,0,1,1,1,0,1,1,0
"130",1,1,0,1,0,1,1,0,0,0,1,0,0,1,0,1,0,0,1,0,1,1,1,1,1,1,0,1,0,1,0,0,0,1,1,1,0,1,0,0
"131",0,0,0,0,0,1,1,1,0,0,1,1,1,0,0,0,1,1,0,0,1,1,1,1,0,1,1,1,1,1,0,0,0,1,1,0,0,0,1,0
"132",0,0,0,1,1,1,1,1,0,0,0,0,1,1,0,0,1,0,1,1,1,1,1,1,0,0,0,0,1,0,0,1,0,0,1,0,1,0,1,1
"133",1,1,1,1,0,1,1,0,0,0,1,0,0,1,0,0,0,1,1,1,1,0,0,0,1,1,1,0,1,0,0,0,0,0,1,1,0,1,1,1
"134",0,0,0,1,0,1,0,1,0,0,1,0,1,0,0,0,1,1,1,0,0,1,1,0,0,1,0,1,1,1,0,0,0,1,1,1,0,1,1,0
"135",0,0,0,1,1,1,1,0,1,0,0,1,0,0,0,1,1,0,1,1,1,1,1,0,1,0,0,0,0,0,0,0,0,1,0,1,0,1,1,1
"136",1,0,0,1,0,0,1,0,0,1,1,1,0,0,1,0,1,0,1,0,1,0,0,1,1,1,1,0,0,0,0,0,0,0,0,1,0,0,1,0
"137",1,0,0,1,0,1,0,1,0,1,1,1,1,0,0,1,1,1,1,0,0,1,1,0,1,0,0,0,1,0,0,0,0,0,0,1,0,0,1,1
"138",1,1,0,1,0,1,0,0,1,0,0,0,1,0,0,0,1,0,1,1,1,0,1,1,0,0,1,0,1,1,0,1,1,0,1,0,1,0,1,1
"139",1,1,0,1,0,1,1,1,0,0,1,0,0,0,0,0,0,1,1,1,1,1,1,0,1,0,1,0,0,0,0,0,0,1,1,0,0,0,1,0
"140",1,0,1,0,0,0,1,1,0,1,1,0,0,0,0,0,1,0,1,1,0,1,1,0,1,1,1,0,0,1,0,0,0,0,0,0,1,1,1,0
"141",0,0,0,1,0,1,0,1,0,0,1,0,0,1,1,0,1,1,1,1,1,1,1,1,0,1,1,0,0,0,1,0,0,1,1,0,0,0,1,1
"142",1,0,0,1,1,1,0,1,0,1,0,0,1,1,0,1,1,0,1,0,1,0,1,0,1,0,1,0,1,0,1,0,0,0,1,0,0,0,1,1
"143",1,1,0,0,1,1,0,1,1,0,1,1,1,1,0,0,1,1,1,0,0,0,0,0,0,1,1,0,0,1,0,0,0,0,1,1,0,1,1,0
"144",0,0,0,1,0,1,0,1,0,1,1,0,0,1,1,0,1,1,0,0,0,0,1,0,1,1,1,0,0,1,1,0,0,0,1,0,1,1,1,1
"145",0,0,0,1,0,0,0,1,0,1,0,0,0,0,0,0,0,0,1,1,0,1,1,0,1,1,1,1,0,0,0,0,0,1,1,1,0,0,0,0
"146",0,1,0,1,1,1,1,1,1,0,0,0,0,0,0,0,1,0,1,1,0,1,1,0,1,0,1,0,0,0,0,0,0,0,0,0,0,0,1,1
"147",1,1,0,1,0,1,1,1,0,1,0,0,0,1,1,1,1,1,1,1,0,1,1,1,0,0,1,1,0,0,0,0,0,0,1,0,0,0,1,1
"148",1,0,0,1,1,1,1,1,0,0,1,0,0,1,0,0,0,0,1,0,1,1,1,0,0,1,1,1,0,1,0,0,0,0,1,0,0,0,1,0
"149",0,0,1,1,1,0,0,1,0,0,0,1,1,1,0,1,0,1,1,0,0,1,1,0,1,1,0,0,0,0,0,1,0,1,0,0,0,0,0,0
"150",1,1,0,0,0,0,1,1,0,0,0,0,0,1,0,0,0,1,1,1,0,0,0,0,0,1,1,0,1,1,1,0,0,1,0,0,0,0,1,0
"151",0,1,0,1,0,0,0,1,0,0,1,0,1,0,0,0,1,0,1,0,1,1,0,0,0,0,0,1,0,0,0,1,1,1,1,1,0,1,0,1
"152",1,1,0,1,0,0,0,1,0,1,0,1,0,0,0,1,1,1,1,1,1,1,1,0,1,0,1,1,0,1,0,1,0,0,1,0,0,0,1,0
"153",1,1,1,0,0,1,0,1,0,0,1,0,1,1,0,0,1,1,1,0,1,1,1,1,0,1,0,0,0,1,0,0,0,1,1,0,0,0,1,1
"154",1,1,0,1,0,1,1,1,0,0,1,1,0,0,0,1,1,1,1,1,1,1,1,0,1,1,0,0,0,0,0,0,0,1,0,0,0,0,1,1
"155",1,1,0,1,0,1,0,1,0,1,1,0,0,1,0,0,1,0,1,1,1,0,1,0,0,1,0,0,0,0,0,0,0,1,0,0,0,1,1,1
"156",0,1,0,0,1,1,1,1,0,0,1,0,1,1,0,1,1,0,1,1,1,0,1,1,1,0,1,0,0,1,1,1,0,0,1,1,0,1,1,1
"157",1,1,0,1,0,1,0,1,1,0,1,0,0,0,0,0,1,1,0,1,1,1,1,1,0,1,1,0,1,1,0,0,0,0,1,0,0,0,1,0
"158",1,1,0,0,0,1,1,1,0,0,1,0,0,0,0,1,1,1,1,1,1,1,1,0,1,0,0,1,0,1,0,0,0,0,1,1,0,1,1,0
"159",1,1,1,1,0,1,1,1,0,0,1,1,0,0,0,0,1,1,1,1,1,0,0,0,1,1,1,1,0,0,0,0,0,0,1,1,0,0,1,1
"160",1,0,0,0,0,1,0,0,1,0,1,1,1,1,0,0,0,1,1,1,1,0,1,0,1,1,0,1,0,0,0,1,0,0,1,1,0,0,1,1
"161",0,1,0,0,1,0,0,0,0,0,1,1,1,0,0,0,1,0,1,0,1,1,1,0,0,1,1,1,1,0,0,0,1,1,0,1,0,0,1,0
"162",1,1,0,1,1,0,0,0,0,0,0,1,0,1,0,1,0,0,1,0,1,0,1,0,1,1,1,1,1,1,0,0,0,1,1,0,0,0,1,1
"163",1,0,0,1,1,1,1,1,0,0,0,0,0,1,0,1,1,0,1,1,0,1,1,0,0,0,0,1,0,0,0,0,0,1,1,1,0,1,1,1
"164",1,0,0,0,0,0,0,0,0,0,1,0,0,0,0,0,0,0,1,1,1,1,1,0,1,0,1,0,0,0,1,0,0,1,1,0,1,0,1,0
"165",1,1,1,1,0,0,1,1,0,0,0,1,0,1,0,1,0,0,1,0,0,0,1,0,1,0,0,1,1,0,1,0,0,0,0,1,1,0,1,0
"166",1,1,0,0,0,1,0,0,0,1,0,1,0,1,0,0,0,1,1,1,0,0,1,1,0,0,1,1,0,0,0,1,0,0,0,0,0,1,1,0
"167",1,1,0,1,0,1,0,1,1,1,1,0,1,1,0,1,1,1,0,1,1,0,1,0,1,1,1,0,0,0,0,0,0,1,0,1,0,0,1,1
"168",1,1,0,1,0,1,1,0,0,1,1,0,1,0,0,1,1,0,1,0,0,1,1,0,1,1,1,1,0,1,0,1,0,1,0,1,0,0,1,1
"169",0,1,0,1,0,1,0,1,1,1,1,1,1,0,0,0,1,0,1,1,1,1,1,0,1,1,0,0,1,0,0,0,1,0,0,0,0,1,1,1
"170",1,0,0,0,0,1,0,1,0,0,1,1,1,1,0,1,0,0,1,0,0,1,1,1,1,1,0,1,0,1,1,1,0,0,1,1,0,1,1,1
"171",1,1,1,1,0,1,1,0,0,1,1,1,0,0,0,0,1,0,1,0,1,0,1,0,0,0,0,1,1,0,0,0,0,1,0,0,0,1,1,1
"172",1,1,0,0,0,1,0,0,0,1,1,0,1,1,0,1,0,1,1,0,0,1,1,1,1,1,0,0,1,0,0,1,0,1,1,0,0,1,1,1
"173",1,1,0,0,0,1,0,1,1,0,0,1,0,1,0,0,1,0,0,0,0,1,1,0,0,1,1,0,1,0,0,0,0,0,0,1,1,1,1,1
"174",0,0,0,1,0,1,0,0,0,0,1,0,0,1,0,0,0,0,1,0,1,0,1,0,1,1,1,1,0,0,0,0,0,1,0,0,1,0,1,1
"175",0,1,0,1,1,1,1,0,0,0,0,1,1,0,0,0,0,1,1,0,0,0,1,0,1,1,1,1,0,1,0,0,0,0,1,0,0,0,0,1
"176",1,1,0,1,0,1,1,0,1,1,1,0,1,0,0,1,1,1,1,0,1,0,0,0,0,1,1,1,0,1,0,0,0,0,0,0,0,0,1,0
"177",0,0,0,1,0,1,1,0,0,1,1,1,0,0,0,0,1,0,1,1,1,1,1,1,1,1,1,1,1,1,0,0,0,1,1,1,0,1,1,1
"178",1,1,1,1,1,0,0,1,0,0,1,1,0,0,0,0,0,0,0,1,0,0,1,1,0,1,1,0,0,0,0,0,1,0,1,0,0,0,1,0
"179",0,0,0,0,0,1,1,0,0,0,0,1,0,0,0,0,0,0,1,0,0,1,1,1,1,1,0,1,1,0,0,0,1,0,1,0,0,0,1,1
"180",0,0,0,1,0,1,1,0,0,0,0,1,0,1,0,0,1,0,1,0,1,0,0,0,0,1,0,0,1,1,1,0,0,1,1,0,1,0,1,0
"181",1,1,0,0,1,0,0,1,0,0,0,0,0,1,0,1,1,0,1,1,0,1,1,1,0,1,0,0,0,1,0,1,0,0,0,0,0,0,1,1
"182",1,1,0,1,0,0,1,1,0,0,1,1,1,1,1,1,1,1,1,0,1,0,0,0,0,1,1,0,0,1,0,1,0,0,1,1,0,1,1,0
"183",1,1,0,1,0,0,1,0,1,0,0,0,0,0,0,0,1,1,1,0,1,1,1,0,0,1,1,0,0,0,0,0,0,1,1,0,1,0,1,1
"184",1,1,0,1,1,0,1,0,0,0,0,0,1,1,0,0,1,0,1,0,0,1,1,0,1,1,1,1,0,0,0,0,0,1,0,0,1,0,1,0
"185",1,0,0,1,0,0,0,1,0,0,1,0,1,0,0,0,1,0,1,1,1,0,1,0,0,1,0,0,0,0,0,0,1,0,1,1,0,0,1,1
"186",1,0,0,0,0,1,1,1,1,0,1,0,0,0,0,0,1,0,0,0,0,1,1,0,1,1,1,0,1,0,0,1,0,1,1,0,0,0,1,1
"187",1,0,0,1,1,1,0,1,0,1,1,1,0,1,1,0,1,0,1,1,0,1,1,0,1,1,0,1,0,0,0,0,0,1,1,0,0,0,1,1
"188",0,0,0,1,0,1,1,1,0,0,1,0,1,0,0,1,1,1,1,1,1,1,1,1,0,1,0,0,1,0,0,0,0,0,1,0,0,0,1,1
"189",1,0,0,1,0,1,1,1,0,1,1,1,0,1,0,0,1,1,1,1,1,0,1,0,0,0,1,1,0,0,0,0,1,0,0,1,0,1,1,1
"190",0,1,0,1,1,1,1,0,0,1,1,1,0,1,0,1,1,0,1,1,1,1,0,0,0,0,1,0,0,1,0,1,0,0,0,0,1,1,1,1
"191",1,1,0,1,1,1,0,0,1,0,1,1,1,1,0,0,0,0,1,1,0,0,1,0,1,1,1,0,1,0,0,1,1,0,1,0,0,0,1,1
"192",1,1,0,1,0,1,1,1,0,0,0,0,0,0,0,1,0,1,1,1,1,0,1,1,1,1,1,0,0,1,1,0,0,0,0,1,0,0,1,1
"193",1,0,0,1,1,1,0,1,0,1,1,0,0,1,0,0,0,0,0,0,1,1,1,0,0,0,0,1,0,0,1,0,1,0,1,0,0,1,1,1
"194",1,1,0,1,1,0,0,0,1,0,1,0,0,0,0,0,1,1,1,0,0,0,0,0,1,0,1,0,0,0,0,1,0,1,0,1,0,0,1,1
"195",0,1,0,1,0,1,1,1,0,0,0,0,0,0,0,1,1,1,1,1,1,0,1,0,0,0,1,1,0,1,0,0,1,1,1,1,0,0,1,1
"196",1,1,1,1,1,1,0,0,0,0,1,0,0,0,0,1,1,1,1,1,1,1,1,0,1,1,0,0,1,0,0,1,0,0,0,0,1,0,1,0
"197",0,0,1,0,1,0,1,0,0,0,1,0,1,1,0,1,1,1,1,0,1,0,1,0,1,1,0,0,1,1,0,0,0,1,1,0,0,0,1,1
"198",1,0,0,1,1,1,0,1,0,0,1,1,0,1,0,0,0,1,1,1,1,1,1,0,1,1,1,1,0,0,0,1,0,0,0,0,0,1,1,0
"199",0,0,0,0,1,1,0,0,0,0,0,1,1,1,1,0,0,1,1,1,1,0,1,0,1,0,0,0,0,0,0,0,1,0,0,0,0,1,1,0
"200",1,1,0,1,0,1,1,0,0,1,1,1,1,0,0,1,1,1,1,0,1,0,1,1,0,1,1,1,0,0,0,0,1,1,1,1,0,1,1,0
"201",1,1,0,1,0,0,1,0,0,0,1,1,0,0,0,1,1,1,1,0,1,1,1,0,1,1,0,0,1,0,0,1,0,1,0,0,0,0,1,0
"202",0,1,0,1,0,0,0,0,0,0,1,0,1,1,0,0,0,0,1,1,1,1,1,0,1,1,1,1,0,0,0,1,0,0,0,1,0,1,1,0
"203",1,1,0,1,1,1,0,1,0,0,1,1,0,1,0,0,1,1,1,1,1,0,1,1,1,0,1,0,0,1,0,0,0,0,0,1,0,1,0,0
"204",1,1,0,1,1,1,1,1,0,0,1,1,0,1,0,0,1,0,1,1,1,0,1,0,1,1,1,0,0,0,0,1,0,1,1,0,0,0,1,1
"205",0,0,0,1,1,0,0,1,0,0,1,1,0,0,0,1,1,1,1,0,1,0,1,1,1,0,0,0,0,0,0,0,0,0,0,1,0,0,1,0
"206",0,1,0,1,1,0,0,1,1,0,1,1,1,1,0,0,1,0,1,0,1,1,1,0,1,0,0,0,0,0,0,1,1,0,1,1,0,1,1,1
"207",1,0,0,0,1,1,0,1,0,0,1,1,0,1,0,1,1,0,1,0,1,1,1,0,0,0,0,0,1,0,0,1,0,0,0,0,0,0,1,1
"208",0,1,0,1,1,1,0,0,0,0,1,1,0,0,0,0,0,1,1,1,0,1,1,0,0,0,1,0,0,0,0,0,0,1,0,1,0,1,1,1
"209",1,0,0,1,0,1,0,1,0,1,1,1,0,1,0,1,0,1,1,0,1,0,1,0,0,1,1,1,1,0,0,1,1,1,1,0,1,0,1,1
"210",1,1,0,1,0,1,1,0,0,0,1,1,0,0,1,0,1,1,1,1,0,1,1,0,0,1,1,1,1,1,0,1,0,0,1,1,1,0,1,0
"211",1,1,0,1,0,1,1,0,0,0,0,1,1,0,0,0,1,0,1,0,1,1,1,0,1,0,0,0,1,0,0,0,0,0,1,0,0,0,1,1
"212",1,0,0,1,0,0,0,1,0,0,1,1,0,0,0,1,1,1,1,1,1,0,1,0,0,0,1,1,0,1,0,1,1,1,1,1,0,0,1,1
"213",0,0,0,1,1,0,0,1,1,1,0,1,0,1,1,1,1,1,1,1,0,1,1,0,1,1,0,0,0,1,1,0,1,1,1,1,1,1,1,1
"214",1,1,0,0,1,1,0,1,0,0,1,1,1,0,0,0,1,1,1,0,0,1,1,0,0,0,0,0,0,1,1,0,0,0,1,1,0,1,1,1
"215",0,1,0,1,1,0,1,0,1,0,0,0,0,0,0,0,1,1,1,1,1,0,1,0,0,0,1,1,1,1,0,1,1,1,0,1,0,0,1,1
"216",0,1,0,1,0,0,1,0,0,0,1,1,1,1,0,0,1,0,1,0,0,1,0,0,0,0,0,0,0,1,0,0,0,0,1,0,0,0,1,1
"217",0,1,0,1,1,0,1,0,0,0,1,1,0,0,0,1,1,0,1,0,0,0,1,0,1,1,0,0,1,0,1,0,0,1,1,1,0,1,1,0
"218",1,0,0,1,0,1,1,0,0,1,1,1,0,1,1,0,1,0,1,1,1,0,1,0,1,0,1,0,1,1,0,1,1,0,1,0,0,1,1,1
"219",0,1,0,0,0,0,0,0,1,0,1,0,1,1,0,1,1,1,1,1,1,1,1,1,1,1,0,0,0,1,0,1,0,1,1,0,1,1,1,1
"220",1,0,0,1,1,0,1,0,0,0,1,0,0,0,0,0,1,0,1,1,0,1,1,1,1,0,0,0,1,0,0,1,0,1,1,0,0,1,1,1
"221",1,1,0,1,1,1,1,0,0,1,1,1,0,0,0,0,0,1,1,0,1,1,1,1,1,0,1,1,0,1,0,0,0,1,1,0,1,0,1,1
"222",1,0,0,1,1,0,1,1,0,1,0,1,1,1,0,0,1,1,1,0,1,1,1,1,1,1,1,0,0,1,0,0,1,0,0,0,0,0,1,1
"223",0,1,1,1,1,1,1,1,0,0,0,0,0,0,0,1,0,1,1,1,0,0,1,1,0,1,1,0,1,1,0,0,0,1,1,1,0,1,1,1
"224",1,0,0,1,1,1,1,1,1,0,1,0,0,0,0,0,0,0,1,1,0,0,1,1,1,1,0,0,1,1,1,0,0,0,0,0,0,1,1,0
"225",1,0,0,0,0,0,1,1,0,0,1,0,1,0,1,1,1,1,1,0,0,1,1,0,0,0,0,1,0,1,0,1,0,1,1,0,1,0,1,1
"226",1,1,0,0,0,1,1,1,0,0,1,1,1,1,0,0,1,0,1,1,0,1,1,0,0,1,0,1,1,0,1,1,0,1,1,0,0,1,1,0
"227",1,0,0,0,0,1,1,1,0,0,1,0,0,0,1,1,1,1,1,0,1,1,1,0,0,0,1,0,0,0,1,0,0,1,1,0,0,1,1,1
"228",0,1,0,1,0,1,1,0,0,0,0,1,0,0,1,0,0,1,1,1,0,1,1,0,0,0,1,0,0,1,0,1,0,0,0,0,0,1,1,1
"229",1,1,1,1,1,1,1,1,1,0,0,1,0,0,0,1,0,0,1,1,1,0,1,0,1,1,0,0,0,1,1,1,0,0,0,1,0,0,1,1
"230",1,0,0,1,1,1,1,0,0,0,0,1,0,1,0,1,1,1,1,0,1,0,1,0,0,1,0,1,1,0,0,0,0,1,1,0,0,0,1,1
"231",1,0,0,0,0,0,1,1,0,0,1,0,0,0,0,1,1,1,1,0,1,0,1,0,0,1,0,0,0,0,0,1,0,0,1,1,0,0,1,1
"232",1,0,0,1,0,1,0,1,0,0,1,0,1,0,0,1,0,0,1,1,0,1,1,0,1,0,1,0,1,0,0,0,0,1,1,1,0,0,1,1
"233",1,1,0,1,0,1,1,1,0,0,1,1,1,0,0,1,1,0,0,0,1,1,1,0,1,0,0,0,0,1,0,0,0,1,0,0,0,1,1,0
"234",1,1,0,1,1,0,1,1,1,0,0,0,0,1,0,1,0,1,1,1,1,1,1,1,1,0,0,0,0,0,1,0,1,0,1,1,0,0,1,0
"235",0,0,1,0,0,1,0,1,0,0,0,1,1,0,0,1,0,1,1,1,1,1,1,1,1,1,1,0,1,1,1,0,0,0,0,0,0,1,1,1
"236",1,0,0,1,1,1,1,1,0,1,1,0,0,0,1,0,0,1,1,1,0,1,1,0,0,0,1,1,0,0,1,0,0,0,1,1,0,1,1,1
"237",1,1,0,0,1,1,1,0,0,1,0,1,0,0,0,1,1,0,0,1,0,1,0,1,1,0,1,1,1,0,0,0,1,1,0,0,0,1,0,1
"238",1,0,0,1,1,0,0,1,0,1,1,1,1,1,0,0,1,1,0,0,0,1,0,0,0,0,1,0,0,1,0,0,0,0,1,0,0,0,1,1
"239",1,0,0,1,1,1,1,1,0,0,0,0,0,1,0,0,1,0,0,0,1,1,1,0,0,1,1,1,0,0,0,0,0,1,0,1,0,0,1,1
"240",1,1,1,1,0,0,1,1,0,0,1,1,0,0,0,1,1,0,1,0,0,1,1,1,0,0,1,0,0,0,0,1,0,0,1,0,0,1,1,1
"241",1,1,1,1,0,1,1,0,0,1,1,1,0,1,0,0,0,0,1,1,0,0,1,1,1,1,1,0,1,0,0,0,1,1,1,1,0,1,1,0
"242",1,0,0,1,1,0,1,0,0,0,1,1,0,1,1,0,0,1,1,0,1,1,1,1,1,1,1,0,0,0,0,0,1,0,0,0,0,0,1,1
"243",1,1,0,1,1,1,0,1,0,1,0,0,0,1,0,1,0,0,1,0,0,1,1,0,0,0,1,1,0,1,0,1,0,0,0,0,0,1,1,1
"244",1,1,0,1,0,1,1,1,1,1,0,0,0,1,0,0,0,1,0,0,0,1,1,0,0,1,1,1,0,0,0,0,0,1,0,0,1,0,1,1
"245",1,1,0,1,0,0,1,1,1,0,1,1,1,0,0,0,1,1,1,1,0,1,1,1,0,1,1,0,1,0,0,0,0,1,0,0,0,0,1,0
"246",0,0,0,0,0,1,0,0,0,0,0,0,0,1,0,0,0,0,1,0,0,1,1,0,0,0,1,1,1,1,0,0,1,1,1,1,0,1,1,1
"247",0,1,0,0,0,1,0,1,0,0,1,1,0,0,0,1,0,0,1,1,1,1,1,0,0,1,0,0,0,1,0,0,0,1,0,0,0,1,1,1
"248",0,0,0,0,0,1,1,1,0,0,1,1,1,1,0,1,1,0,1,1,0,1,1,0,0,1,0,0,1,0,1,1,0,0,1,0,0,1,1,0
"249",1,0,0,1,1,0,0,0,1,1,1,1,0,0,0,1,0,1,0,0,1,1,0,1,1,0,1,0,1,0,0,0,0,1,1,1,1,1,1,1
"250",1,1,0,1,1,1,1,0,0,0,0,1,1,1,0,1,1,1,1,1,0,0,1,1,0,1,0,1,1,0,0,1,0,0,1,1,1,0,1,1
"251",1,0,0,0,0,1,1,0,0,0,1,0,1,0,1,1,1,0,1,1,1,1,1,0,0,0,1,0,0,0,1,1,0,1,1,1,0,1,1,0
"252",1,1,0,1,1,1,0,0,0,0,1,1,0,1,0,0,1,1,0,0,1,1,1,1,1,0,1,1,0,0,0,0,0,0,0,0,0,1,1,1
"253",1,1,0,1,0,1,1,0,1,0,0,0,0,1,1,0,0,0,0,0,0,1,1,1,1,1,0,1,0,1,0,0,0,1,1,1,0,0,1,0
"254",0,0,1,1,0,1,1,0,0,0,1,0,1,0,1,0,1,0,0,0,1,1,1,0,0,0,1,0,0,0,0,0,1,1,1,0,0,1,1,1
"255",1,0,0,1,0,1,0,0,0,0,1,1,1,1,0,0,0,0,1,0,1,0,0,1,1,1,1,0,0,0,0,1,0,0,1,1,0,0,1,1
"256",1,1,1,1,0,1,1,0,0,0,1,0,1,1,0,1,1,0,0,1,0,0,1,0,0,0,0,0,1,0,0,0,0,1,1,0,0,1,1,1
"257",0,0,0,0,0,1,1,1,0,0,0,1,1,1,0,0,0,1,1,0,0,1,1,0,1,0,0,1,1,0,0,0,0,1,1,1,0,1,1,1
"258",0,0,0,0,0,0,0,1,0,0,1,1,1,1,1,1,1,1,1,0,1,1,1,0,1,0,1,0,0,0,0,0,1,0,1,0,0,0,1,1
"259",1,1,0,1,1,1,1,0,0,0,0,0,1,1,0,0,0,1,1,0,0,1,1,0,0,0,1,0,0,1,1,1,0,1,1,0,0,0,1,0
"260",1,0,0,1,1,1,1,0,0,0,0,0,0,1,0,0,0,1,1,1,1,1,1,0,1,1,0,1,0,0,0,1,0,1,1,1,0,0,1,1
"261",1,0,0,0,0,1,0,1,0,1,0,1,1,0,0,0,1,1,1,1,0,0,1,0,1,0,1,0,0,0,0,1,1,1,1,1,0,0,1,1
"262",1,0,1,1,0,0,1,0,1,0,0,0,1,1,0,1,1,1,1,0,1,1,1,0,0,0,1,0,0,0,0,1,1,1,1,0,0,0,1,1
"263",1,1,0,1,0,1,1,0,0,0,0,0,0,0,1,0,0,0,1,1,1,1,1,0,0,1,1,0,0,0,0,0,0,0,0,0,1,0,1,1
"264",1,1,0,0,1,0,1,1,1,0,1,0,0,0,0,1,1,0,1,1,1,1,1,0,1,0,1,0,0,0,0,0,0,1,1,0,0,0,1,0
"265",1,1,0,1,1,1,1,0,0,1,1,1,0,1,0,1,1,1,1,1,1,1,1,0,0,0,1,0,0,1,0,0,0,1,0,0,0,0,1,0
"266",1,1,0,0,0,1,1,0,0,1,0,0,1,1,0,0,1,1,1,0,1,1,0,0,0,0,0,0,1,0,0,1,0,1,1,1,0,1,1,0
"267",1,1,0,1,0,0,1,1,0,1,1,0,1,1,0,0,1,1,1,1,0,1,1,0,0,0,1,0,1,0,1,1,0,1,1,0,0,0,1,0
"268",0,0,0,1,0,1,0,0,0,0,1,0,0,1,0,1,1,1,1,0,1,1,1,1,0,1,1,0,0,0,1,0,0,0,1,0,0,0,1,0
"269",1,0,0,1,0,1,0,1,0,0,1,1,0,0,0,0,1,1,1,1,1,1,1,1,0,1,1,0,1,1,1,1,0,1,1,1,0,1,1,0
"270",1,1,0,1,0,1,1,0,0,0,1,1,0,1,0,1,1,0,1,1,1,1,1,0,1,1,1,0,1,0,0,0,0,1,1,1,0,1,1,1
"271",1,0,0,1,0,1,1,0,0,1,1,0,0,0,0,0,1,1,0,0,1,1,1,0,1,0,0,1,1,1,0,0,1,0,0,1,0,0,1,1
"272",0,0,1,1,1,0,1,0,0,0,1,1,0,1,0,0,1,0,0,1,0,1,1,0,1,1,0,0,1,0,0,0,0,0,0,1,0,0,1,1
"273",1,0,0,1,0,1,1,0,0,1,1,0,1,1,1,1,1,0,1,1,0,1,1,1,0,1,0,0,0,0,0,0,0,1,0,0,1,1,1,0
"274",0,0,0,1,1,1,1,1,0,0,0,0,1,0,0,0,1,0,1,0,1,1,1,1,0,1,0,1,1,0,0,0,0,0,1,1,0,1,1,0
"275",0,1,1,0,0,1,0,1,0,0,0,0,1,1,0,0,1,0,1,1,1,1,0,1,1,0,1,0,0,1,0,0,0,1,1,0,0,1,1,0
"276",1,1,0,1,1,1,0,1,0,0,1,1,1,1,0,1,1,1,1,0,1,1,1,0,1,1,1,1,0,0,0,0,0,1,0,0,0,0,1,0
"277",1,0,0,1,0,1,1,1,1,1,1,0,0,0,0,1,1,1,1,0,1,1,1,0,1,1,0,0,0,0,1,0,0,0,1,0,0,0,1,0
"278",0,0,0,1,1,0,1,1,0,0,0,1,0,0,0,1,1,1,1,1,0,1,1,0,0,1,1,1,0,0,0,1,0,0,1,1,0,1,1,0
"279",0,1,0,1,0,1,0,1,0,1,1,1,1,1,0,0,1,0,1,0,1,1,0,1,1,1,0,0,1,0,0,1,0,0,1,0,0,1,1,0
"280",1,1,0,0,1,1,1,0,0,0,0,0,1,1,0,0,1,0,1,0,1,1,1,0,0,1,1,0,0,0,0,0,0,1,1,1,0,0,1,0
"281",1,0,0,0,0,1,0,0,0,1,1,0,1,1,0,1,0,1,0,1,1,1,1,1,0,0,1,0,1,0,0,1,0,1,1,0,0,0,1,1
"282",1,1,0,1,0,0,1,1,0,0,1,0,1,1,0,1,0,0,1,1,1,1,1,0,1,0,1,1,1,1,0,0,0,0,0,1,0,0,1,1
"283",1,1,0,1,0,1,0,0,0,0,1,1,1,1,0,1,1,1,1,0,1,0,1,1,0,1,0,1,0,0,0,0,0,0,0,0,0,1,1,1
"284",1,1,1,0,0,1,0,0,0,1,1,0,1,0,0,0,1,1,1,0,1,1,1,1,1,0,1,1,1,1,0,0,0,0,0,1,0,0,0,1
"285",1,0,0,1,0,1,1,1,0,0,1,0,1,1,0,0,0,1,1,0,1,1,1,1,1,0,1,1,0,1,0,1,0,1,0,0,0,1,1,0
"286",1,1,0,1,0,1,1,0,0,0,1,0,0,0,0,0,1,0,1,0,1,1,1,0,0,0,1,0,0,0,0,1,0,0,1,1,0,1,1,1
"287",1,1,0,1,0,1,1,0,0,1,0,0,1,0,0,0,1,1,1,0,1,1,1,0,1,0,1,0,0,1,0,0,0,1,1,1,0,1,0,1
"288",1,0,0,1,1,1,0,0,0,1,1,1,0,1,0,0,0,0,1,0,1,1,0,1,0,0,1,0,1,1,0,1,0,1,0,0,0,0,1,1
"289",1,0,0,1,0,1,1,0,0,0,1,1,0,0,0,1,1,1,0,1,1,0,0,0,1,0,1,1,0,1,0,1,0,0,1,0,0,1,0,1
"290",1,0,0,0,1,1,1,0,0,0,1,1,0,0,1,0,1,1,1,1,1,1,0,0,0,0,1,0,1,0,0,0,0,1,0,0,0,0,1,0
"291",1,1,0,0,0,1,1,1,0,0,1,1,0,1,0,0,1,1,1,0,1,1,1,0,0,1,1,1,1,1,0,0,1,1,1,1,0,0,1,0
"292",1,0,0,0,1,0,1,0,0,0,1,0,1,0,0,0,0,1,1,0,1,0,1,0,0,0,1,0,0,1,0,0,0,0,0,0,0,1,1,1
"293",1,0,0,1,0,0,0,0,0,0,1,0,0,1,0,0,1,0,1,1,1,1,1,1,1,0,0,0,0,1,0,0,0,1,0,1,0,0,1,1
"294",0,0,0,0,1,1,0,1,0,0,1,1,1,0,0,1,1,0,1,0,1,0,1,1,1,1,0,0,1,0,0,1,0,1,1,0,0,1,1,0
"295",1,0,0,1,0,0,1,0,1,0,1,0,1,0,0,0,1,1,1,0,1,1,1,0,1,0,1,0,1,0,0,0,0,0,1,0,0,1,1,0
"296",0,0,0,1,0,1,0,1,0,0,1,0,0,0,0,1,1,1,1,1,1,0,1,0,1,1,0,0,1,0,1,0,0,1,1,0,0,1,1,0
"297",0,1,0,1,0,0,1,1,1,1,1,0,0,0,0,1,0,0,1,0,1,1,1,0,1,1,1,0,0,0,0,0,0,0,1,0,0,1,1,0
"298",0,1,0,1,0,0,0,0,0,1,1,0,0,0,0,1,1,0,1,0,1,0,1,0,1,0,1,0,0,1,0,1,1,0,0,1,1,1,1,1
"299",1,1,0,1,1,0,0,0,0,1,1,0,0,1,0,0,0,1,1,0,1,1,0,1,1,0,0,1,1,0,0,0,0,1,1,0,1,1,1,1
"300",1,1,0,1,0,0,0,1,1,1,0,1,1,1,0,0,0,0,0,1,1,1,1,0,0,0,1,1,0,0,0,0,1,1,0,0,0,0,1,1
"301",1,1,0,1,1,0,1,0,0,0,0,0,0,0,1,1,0,0,1,0,1,1,1,0,0,0,1,0,0,0,1,0,0,0,1,1,0,0,1,1
"302",0,0,0,1,1,0,1,0,0,0,1,1,0,0,1,0,1,1,1,0,0,1,1,1,1,0,1,0,0,0,0,0,0,1,1,1,0,0,0,1
"303",1,1,1,1,0,1,0,1,0,0,1,0,0,1,0,1,1,1,1,0,1,1,1,0,0,0,1,0,0,1,0,1,1,1,0,0,1,0,1,1
"304",1,0,0,1,1,1,1,0,0,0,1,0,0,0,0,1,1,1,0,0,0,1,1,0,1,0,0,0,0,1,0,0,1,0,1,0,1,0,1,0
"305",1,1,0,1,1,1,0,1,0,1,0,1,0,1,0,0,1,0,1,1,0,0,1,1,1,1,1,0,1,0,0,1,0,0,1,0,0,1,1,1
"306",1,1,0,1,0,0,1,0,0,1,1,0,1,1,0,1,1,1,1,1,0,0,1,0,1,1,1,1,0,0,0,0,0,1,0,1,0,1,1,1
"307",0,1,0,1,1,0,0,0,0,1,0,0,0,0,0,0,1,1,1,1,1,1,0,0,0,1,1,0,1,0,0,0,0,0,1,0,0,0,1,1
"308",1,0,1,1,0,1,0,0,0,0,0,1,0,1,1,1,1,1,1,0,1,1,1,1,0,1,1,1,0,0,0,0,0,0,1,0,0,1,1,0
"309",1,0,0,1,1,0,1,0,0,1,0,1,0,1,1,0,1,0,0,0,1,1,0,0,0,1,1,0,0,1,0,1,0,0,1,1,0,0,1,0
"310",0,0,0,1,1,1,1,1,0,1,1,0,0,1,0,0,0,0,1,1,1,0,1,0,1,1,1,0,0,0,0,1,0,0,0,0,0,0,1,1
"311",1,1,0,0,0,0,0,0,0,0,1,0,0,1,0,1,1,1,1,1,1,1,1,0,0,1,0,0,1,0,0,1,1,1,1,0,0,1,1,0
"312",0,1,0,1,1,1,1,1,1,0,1,1,1,1,0,0,0,1,1,1,1,1,1,0,0,0,1,0,0,0,1,0,0,1,0,1,0,1,1,0
"313",1,0,0,1,1,0,0,1,0,0,1,1,1,1,0,0,1,1,1,1,1,1,0,0,1,0,0,0,1,0,0,1,0,1,0,0,0,1,1,1
"314",0,0,1,1,1,0,1,0,0,0,1,0,0,0,1,0,1,0,1,0,1,1,1,0,0,1,1,1,1,0,0,1,0,1,0,0,0,1,1,0
"315",1,1,0,1,0,1,0,1,0,0,1,0,0,0,0,0,1,1,1,0,1,0,1,0,1,1,1,0,1,0,0,0,0,0,0,1,0,1,1,0
"316",0,1,1,1,1,1,1,0,0,0,0,1,1,1,0,1,1,1,1,0,1,0,1,1,1,1,1,0,0,1,0,0,0,0,1,0,0,0,1,1
"317",1,1,0,1,0,1,1,0,0,0,0,0,0,0,0,0,1,1,1,0,1,0,1,0,0,1,1,1,0,0,0,1,0,1,1,0,1,1,1,1
"318",1,1,0,1,0,1,1,1,0,0,1,0,0,1,0,1,1,1,1,1,0,0,1,0,0,0,1,1,0,1,0,0,1,1,0,0,0,1,1,1
"319",1,1,0,1,0,1,1,1,0,0,1,0,0,0,1,0,1,0,0,1,1,1,1,0,0,1,1,0,0,1,0,0,0,1,0,1,1,1,0,1
"320",1,1,0,0,1,1,0,0,0,0,1,1,0,0,1,1,0,0,1,0,1,0,1,0,0,1,0,1,0,1,0,1,1,0,1,0,0,0,1,0
"321",1,0,0,0,1,1,1,0,0,1,1,1,0,1,0,0,1,0,1,1,1,1,0,0,0,1,1,0,0,0,1,0,1,0,1,1,0,0,1,1
"322",1,1,0,0,0,1,0,1,0,1,1,0,0,0,0,1,1,1,1,0,0,1,1,1,0,0,0,0,1,0,0,1,0,0,1,1,0,1,1,0
"323",1,1,0,1,0,1,1,0,0,1,1,0,1,0,0,1,1,1,1,1,1,0,1,1,1,1,1,0,0,1,0,0,0,1,1,1,0,1,0,1
"324",1,1,0,1,1,1,0,0,0,0,1,0,1,0,0,0,0,1,1,1,1,0,0,0,1,1,1,0,1,0,0,1,0,1,0,1,0,0,1,1
"325",1,0,0,0,0,1,0,0,0,1,1,1,1,0,1,0,1,0,1,1,0,1,1,1,0,0,0,0,0,0,0,0,0,1,1,1,0,1,1,0
"326",1,0,0,0,0,0,0,0,0,0,1,1,0,0,0,0,1,1,1,0,1,1,1,0,1,1,0,1,1,1,0,1,1,0,0,1,0,0,1,0
"327",1,0,0,0,0,1,1,1,1,0,0,1,1,1,0,1,0,1,1,1,1,1,1,0,0,0,1,0,0,0,0,0,0,1,1,1,0,1,1,0
"328",1,1,0,1,0,1,1,0,0,0,1,1,1,0,0,0,1,1,1,1,0,1,1,1,1,1,1,0,1,0,0,0,0,1,0,1,1,1,1,1
"329",1,1,0,1,0,1,0,0,0,1,1,1,1,1,0,1,1,0,0,0,1,0,0,1,0,1,1,1,0,0,0,1,0,1,1,0,1,0,1,1
"330",1,1,0,1,0,0,0,1,0,0,1,1,1,0,0,1,0,1,1,1,1,1,1,1,1,1,0,0,1,1,0,0,1,1,1,1,0,1,1,1
"331",0,0,1,0,1,1,1,1,0,0,1,1,0,0,0,0,1,1,1,0,0,1,1,0,0,0,1,0,0,0,0,0,0,0,0,1,0,0,1,1
"332",0,1,0,1,1,0,1,1,0,0,1,0,1,0,1,0,1,0,1,1,1,1,1,0,1,1,1,1,0,1,0,0,0,0,0,1,0,0,1,1
"333",1,0,0,1,1,1,0,1,0,1,0,1,1,0,0,1,1,0,1,0,1,1,1,0,1,0,0,0,0,0,0,1,0,0,1,0,1,0,1,0
"334",0,0,0,0,1,1,1,0,0,1,1,0,0,0,0,1,1,1,1,1,1,0,0,0,1,1,1,0,0,0,0,0,0,0,1,1,0,1,1,0
"335",1,1,1,1,1,1,1,1,0,0,1,0,0,0,0,0,0,0,1,0,1,0,1,1,0,1,0,0,0,0,1,1,0,0,1,0,0,1,1,1
"336",0,1,0,1,0,1,1,1,1,0,0,0,1,1,0,1,0,1,1,1,1,0,1,0,1,1,0,1,0,0,0,1,0,0,1,1,0,1,1,0
"337",1,0,0,0,0,0,0,1,1,1,0,1,0,0,1,1,1,1,1,1,1,0,1,0,1,1,0,0,1,0,0,0,0,1,0,1,0,1,1,1
"338",1,1,0,1,0,1,0,1,0,1,1,0,0,1,0,0,1,0,1,0,0,1,1,0,0,1,0,0,0,0,0,1,0,0,0,0,0,0,1,1
"339",1,1,0,1,1,1,1,0,0,1,1,1,1,0,0,1,1,1,0,1,1,0,1,1,0,0,0,0,0,0,0,0,0,0,0,1,0,0,1,1
"340",0,1,0,0,1,0,0,1,0,0,1,1,0,0,0,0,1,1,1,0,1,1,1,0,0,1,0,0,1,1,0,1,1,0,1,0,0,1,1,0
"341",1,0,0,1,1,1,0,0,0,1,0,1,0,0,1,0,1,0,1,0,1,0,1,1,1,0,0,0,1,0,1,0,0,1,0,0,0,1,1,0
"342",0,1,0,1,0,1,0,1,0,1,1,0,0,0,1,0,1,1,1,0,1,0,1,0,1,0,1,1,1,1,0,0,0,0,1,1,0,1,1,0
"343",1,0,0,1,1,1,1,1,1,0,1,0,0,1,0,1,0,1,1,1,0,1,1,1,1,0,1,1,1,0,0,1,0,1,0,0,0,0,1,0
"344",1,0,1,1,0,1,1,1,0,0,1,1,1,1,0,0,1,0,1,0,1,0,1,0,1,0,1,0,1,1,0,0,0,1,1,1,0,1,1,0
"345",1,1,0,1,0,1,1,1,0,0,1,0,0,1,1,1,1,1,1,0,1,1,1,0,1,1,1,1,1,1,0,1,0,1,1,1,0,1,1,1
"346",1,0,0,1,1,0,1,0,0,0,1,1,0,1,0,1,1,0,1,0,0,1,1,0,0,0,0,1,1,0,0,0,0,1,0,0,0,1,1,0
"347",1,1,0,1,0,1,0,1,1,1,1,0,1,1,0,0,1,1,1,1,1,0,0,1,1,1,1,1,0,0,1,0,0,0,0,1,0,1,1,0
"348",1,1,0,1,1,1,0,0,0,1,0,1,0,1,0,1,1,0,1,0,0,0,1,0,1,1,0,0,1,1,1,1,0,1,0,1,0,0,1,1
"349",1,0,0,0,0,1,1,1,1,0,1,0,1,1,0,1,1,0,1,0,1,0,1,1,1,1,1,1,0,0,1,0,0,0,1,0,0,0,0,1
"350",0,0,0,1,1,1,1,1,0,0,0,1,1,0,1,1,1,0,1,1,1,1,1,1,1,1,1,1,0,0,0,1,0,1,1,0,0,0,1,1
"351",1,0,0,1,0,1,1,1,0,0,1,0,0,0,0,0,1,1,1,0,0,1,1,0,1,0,1,1,1,0,0,1,0,0,1,0,0,0,1,1
"352",1,0,0,1,0,0,1,0,0,1,1,0,1,1,0,0,1,1,1,1,1,1,1,0,0,1,0,0,0,0,1,1,0,1,1,0,0,1,0,0
"353",0,0,0,0,1,0,1,1,0,0,0,1,0,0,1,0,1,1,0,0,0,1,1,0,1,1,0,0,0,0,0,0,0,1,0,1,1,1,1,0
"354",1,0,0,1,0,0,0,0,1,0,1,0,1,0,0,1,1,1,0,1,0,0,1,0,0,0,0,1,0,0,0,0,0,1,1,0,0,1,1,0
"355",1,0,0,1,1,1,1,0,0,1,0,1,1,1,1,0,1,1,1,0,0,1,1,0,1,0,0,1,1,0,0,1,0,0,1,1,0,1,1,0
"356",0,0,1,0,0,0,1,1,0,0,1,0,0,0,1,0,1,1,1,0,0,1,1,0,0,0,0,0,0,0,0,1,0,0,1,0,0,0,1,0
"357",1,0,0,0,0,1,0,0,0,0,1,1,0,1,1,1,0,1,1,0,1,0,1,0,0,1,0,1,0,0,0,1,0,1,1,1,0,0,1,1
"358",1,1,0,1,0,1,1,0,0,0,0,0,1,0,0,0,1,0,1,0,0,1,1,0,0,0,0,0,0,1,0,1,0,1,1,0,0,1,1,1
"359",0,1,0,1,1,0,1,0,0,1,1,0,1,0,0,0,1,1,1,1,1,0,1,0,1,1,1,0,0,0,1,1,1,0,1,0,0,1,1,1
"360",1,0,0,1,1,0,1,1,0,0,0,0,0,1,0,1,0,1,1,1,0,0,1,0,1,1,1,0,1,1,0,0,0,1,0,0,0,0,1,1
"361",1,0,1,0,0,0,1,1,0,1,0,1,0,1,0,0,0,1,1,0,0,0,1,0,1,1,1,0,0,0,0,0,0,0,0,1,0,1,1,1
"362",0,1,0,0,0,1,0,1,0,0,1,1,1,0,0,1,1,0,1,0,1,0,1,0,1,1,0,1,0,1,0,1,1,1,1,0,0,0,1,1
"363",1,0,0,1,0,1,1,0,0,0,1,0,1,1,0,0,1,0,1,1,0,0,1,1,0,1,0,0,0,1,0,1,0,1,1,0,0,1,1,0
"364",0,0,0,0,1,0,0,1,0,0,0,1,1,0,0,0,1,0,1,1,0,0,1,1,1,0,1,0,0,1,0,1,0,0,1,0,0,0,1,0
"365",1,1,0,0,0,0,0,0,1,0,1,1,0,1,0,1,1,0,1,1,0,1,1,0,0,1,0,0,0,0,1,0,0,0,1,1,0,0,0,1
"366",1,1,1,0,0,1,1,1,0,1,1,0,1,1,0,1,1,1,1,0,1,0,1,1,1,0,1,0,0,1,0,0,0,0,0,0,0,0,1,0
"367",1,0,0,1,1,1,1,1,0,0,1,1,1,0,1,1,1,0,1,1,1,0,1,1,1,1,1,0,1,1,0,0,0,0,1,0,0,0,1,0
"368",1,0,0,1,0,1,1,1,1,0,1,0,1,1,1,1,1,1,1,1,1,1,1,1,1,1,0,0,1,0,0,1,0,0,1,1,0,1,1,0
"369",1,0,0,1,1,0,1,0,0,0,0,1,0,0,1,1,1,1,1,0,1,1,1,1,1,1,0,0,0,1,0,0,0,0,1,0,0,1,1,1
"370",0,0,0,1,1,1,1,0,1,0,1,0,0,0,0,1,1,1,1,0,1,1,1,1,1,0,0,0,1,0,0,0,0,1,0,1,0,0,1,1
"371",1,1,0,1,1,0,0,0,0,1,1,1,0,0,0,1,1,0,1,0,1,1,1,0,1,1,0,1,0,0,0,0,1,0,0,0,0,0,1,1
"372",0,0,1,0,1,0,1,1,1,1,1,1,0,1,0,1,1,0,1,1,1,1,1,0,0,0,0,0,0,1,0,1,0,1,1,1,0,1,1,0
"373",0,1,0,1,0,1,1,1,0,0,0,0,1,1,0,0,0,0,1,0,1,0,1,0,1,0,0,1,0,0,1,0,0,0,1,0,1,1,1,1
"374",1,1,0,1,0,1,1,1,0,1,1,1,1,1,1,0,1,1,1,1,1,1,1,0,0,1,1,0,1,1,0,0,0,0,1,0,1,1,1,0
"375",0,1,0,0,1,1,1,1,0,0,1,1,0,0,0,0,1,1,1,1,1,1,1,0,1,0,0,1,1,0,0,0,0,1,0,0,1,1,1,0
"376",1,0,0,1,0,1,1,1,1,1,0,1,1,1,1,1,1,1,1,0,0,1,1,1,0,0,1,0,1,0,0,0,0,1,1,0,0,1,1,1
"377",1,0,0,1,1,1,1,0,1,0,0,0,0,0,0,0,1,0,1,0,0,0,0,0,1,1,1,1,0,0,1,0,0,0,0,1,0,1,1,0
"378",1,1,0,1,0,1,1,1,0,1,1,1,0,0,0,1,1,1,1,1,0,1,1,0,1,0,1,1,0,0,1,0,0,1,1,0,1,1,1,1
"379",0,1,0,1,0,1,1,0,1,0,1,1,0,0,1,1,1,1,1,0,1,1,1,0,0,0,0,0,0,1,0,1,0,1,1,1,0,0,1,1
"380",1,1,0,1,1,1,1,0,0,1,0,0,1,1,1,0,1,1,1,0,1,0,1,0,1,0,0,0,0,1,1,1,0,0,1,0,0,0,1,0
"381",1,0,0,1,0,1,0,0,0,1,0,1,0,1,0,1,1,1,1,1,0,1,1,0,0,0,1,0,0,0,1,0,1,0,1,0,0,1,1,1
"382",1,1,0,1,0,1,0,0,0,0,1,0,0,0,0,0,1,1,1,0,1,0,1,0,0,1,1,1,0,0,0,1,0,0,1,1,0,0,1,0
"383",1,0,1,1,1,1,1,0,1,1,1,1,0,1,0,0,1,0,1,0,1,0,1,0,1,1,0,0,0,1,0,1,0,1,1,1,0,0,1,1
"384",1,1,1,1,1,1,1,1,0,0,1,1,0,0,0,0,1,0,0,1,0,1,1,0,1,0,1,0,0,1,0,1,0,0,0,0,0,0,1,0
"385",0,1,0,1,1,1,1,0,0,0,0,1,0,1,1,0,1,0,1,1,0,1,1,0,1,1,0,0,0,1,0,0,1,0,0,0,0,1,1,1
"386",1,1,0,1,1,1,1,1,0,0,0,1,1,1,0,0,0,1,1,0,1,0,1,0,1,1,1,0,0,0,0,0,0,1,1,1,0,1,1,1
"387",1,0,0,1,0,1,0,1,0,0,1,0,0,1,0,0,1,1,1,0,1,1,0,0,0,0,1,0,0,0,0,1,0,0,1,1,0,1,1,0
"388",0,1,0,0,1,1,0,1,0,0,1,0,1,0,0,0,0,1,1,1,1,1,1,1,1,1,1,1,0,0,0,1,0,0,0,1,0,1,1,1
"389",0,0,0,0,1,1,1,1,0,0,0,0,0,1,0,0,1,1,1,1,1,0,1,0,1,1,1,1,0,1,0,0,0,0,0,0,0,1,1,0
"390",1,0,1,1,0,1,1,1,0,1,1,0,0,0,0,1,1,1,1,1,1,1,1,1,0,0,1,0,1,1,0,1,0,0,0,1,0,1,1,0
"391",1,1,0,1,0,0,0,0,0,1,1,1,1,1,0,0,1,1,1,1,0,0,1,0,0,0,0,1,0,1,0,0,0,1,1,1,0,1,1,1
"392",0,0,0,1,1,0,0,0,0,1,1,1,1,0,0,0,1,1,1,1,1,1,1,1,1,1,1,0,0,0,0,0,1,0,1,0,1,0,1,1
"393",0,1,1,1,0,1,0,1,0,1,1,1,0,0,0,0,0,0,1,0,0,1,1,1,1,0,1,0,1,0,0,0,0,1,1,1,0,1,1,1
"394",0,0,0,1,0,1,0,0,0,0,1,0,0,0,0,1,1,1,1,0,0,1,0,0,0,0,1,1,0,0,0,1,0,1,1,0,0,1,1,1
"395",1,1,0,1,0,1,0,1,0,0,1,0,1,1,0,1,0,1,1,0,1,1,0,0,1,1,0,0,0,1,0,0,0,0,1,0,0,0,1,1
"396",1,1,0,1,0,0,0,0,0,0,0,1,1,0,0,1,0,1,1,1,1,1,1,0,1,0,1,1,0,0,0,0,0,0,1,1,0,0,1,0
"397",1,1,0,1,1,1,1,1,0,0,0,0,1,1,0,1,0,0,1,1,1,0,1,1,1,1,1,0,1,0,0,1,0,1,1,1,0,1,1,0
"398",1,0,0,1,1,0,0,1,0,0,1,0,0,1,0,1,1,1,1,0,1,1,0,1,1,1,1,1,0,1,0,0,0,1,0,0,1,0,1,0
"399",1,0,0,0,1,0,0,1,0,1,1,1,0,0,0,0,1,1,1,0,1,1,1,0,1,1,1,0,0,1,0,1,0,1,1,0,0,1,1,0
"400",1,1,0,1,0,1,1,1,0,0,1,0,0,1,1,1,0,0,0,1,1,1,1,0,0,0,1,0,0,0,0,0,0,1,1,0,1,1,1,1
"401",1,1,0,0,1,1,1,0,0,0,1,1,1,0,0,0,0,0,1,0,1,0,0,0,0,0,0,1,0,1,0,0,0,0,0,0,0,1,1,1
"402",1,1,1,1,0,0,1,1,0,0,1,0,1,1,0,1,0,0,0,0,0,1,1,0,0,1,1,0,1,0,0,1,0,1,1,1,1,1,1,1
"403",1,1,1,1,0,1,0,0,0,0,1,1,1,1,0,1,1,1,1,1,1,0,1,0,0,1,1,1,1,0,0,1,1,0,0,0,0,0,1,1
"404",0,1,0,0,1,0,1,1,0,0,1,0,1,1,1,1,0,0,1,0,1,1,1,0,1,1,1,1,0,1,1,1,0,1,0,1,0,0,1,1
"405",1,1,0,1,0,0,1,0,0,0,0,1,0,1,0,0,0,0,1,0,1,1,1,0,1,1,0,1,0,0,0,0,0,1,0,0,0,1,1,0
"406",0,1,1,1,1,1,0,0,0,1,1,0,0,1,1,1,0,1,0,0,1,1,0,0,0,1,0,1,1,0,0,1,0,1,1,1,0,0,0,1
"407",1,0,0,1,0,0,0,1,0,1,0,1,1,1,0,0,1,0,1,0,1,1,0,1,0,0,1,0,0,0,1,1,1,1,0,1,0,1,1,1
"408",1,0,0,0,0,0,1,1,1,1,1,1,0,1,0,1,1,1,1,0,1,1,1,1,0,0,0,0,0,1,0,0,0,1,1,1,0,0,1,0
"409",1,0,0,1,0,0,1,1,1,1,1,1,1,1,0,0,1,0,0,1,1,0,1,0,1,1,1,0,0,0,0,0,1,0,0,0,0,1,1,1
"410",0,1,0,0,0,0,1,0,0,0,1,1,0,0,0,1,0,0,0,1,0,1,1,0,0,0,1,0,0,1,0,0,1,0,1,0,0,1,1,0
"411",1,1,0,1,0,1,1,1,0,1,1,0,1,0,1,0,1,0,1,0,0,1,1,0,0,0,0,1,0,1,0,0,1,1,0,0,0,1,1,1
"412",0,0,0,0,1,1,1,0,1,0,1,1,0,0,0,0,0,0,1,1,1,0,1,1,1,0,1,0,1,0,0,1,0,1,0,1,0,0,1,1
"413",1,1,0,1,1,1,1,0,0,0,1,0,0,1,1,0,0,1,1,1,1,0,1,0,0,0,1,1,0,1,0,0,0,1,1,1,0,1,1,1
"414",1,1,0,0,1,0,0,1,0,0,0,0,1,0,1,1,1,0,1,0,1,1,1,0,1,1,1,0,0,1,0,0,0,0,0,0,0,0,1,1
"415",1,0,0,0,0,0,0,0,0,1,0,1,1,0,1,1,1,1,1,0,0,1,1,0,0,0,1,0,1,0,0,1,0,1,0,1,0,0,1,0
"416",1,1,0,1,1,1,1,0,1,0,1,1,1,1,0,0,1,1,1,0,1,1,1,0,0,1,1,0,0,0,1,0,0,0,1,0,0,1,1,0
"417",1,0,0,1,0,1,1,1,0,0,1,0,1,1,0,0,1,1,1,0,0,0,0,1,1,0,0,0,0,0,0,0,0,1,0,1,0,1,1,1
"418",0,1,0,1,0,1,0,0,0,0,0,1,1,1,0,0,1,1,1,0,0,1,0,0,0,1,1,1,0,0,0,0,0,1,0,1,0,0,1,1
"419",1,1,0,1,0,0,1,0,0,0,1,0,0,0,0,1,1,1,0,0,0,0,1,0,0,0,1,1,0,0,0,0,1,1,1,1,0,0,1,1
"420",0,0,0,0,0,1,0,1,1,0,1,1,0,1,0,1,1,0,1,0,1,1,1,0,0,0,0,0,0,1,0,0,0,1,1,0,1,1,1,0
"421",0,1,0,1,1,1,1,1,0,1,0,0,0,0,0,0,1,0,0,0,0,1,1,0,1,0,0,0,1,0,0,1,0,1,1,0,0,0,1,1
"422",0,1,0,1,1,1,0,1,0,0,0,0,1,1,0,1,0,1,1,0,1,1,1,0,0,0,1,1,0,0,0,0,0,1,0,0,1,1,1,0
"423",1,0,0,0,1,1,1,0,0,0,1,1,1,1,0,0,1,1,1,1,1,1,1,0,0,0,1,1,0,1,0,0,0,1,0,0,1,1,1,1
"424",1,1,0,1,1,1,0,1,0,0,1,1,0,0,0,1,1,1,0,1,1,0,1,1,0,0,1,1,1,0,0,0,0,0,1,1,1,1,1,0
"425",1,1,0,1,0,0,0,1,0,1,0,0,0,1,0,1,1,1,1,0,0,1,1,0,1,0,1,1,0,1,0,1,0,0,1,1,0,1,1,0
"426",1,0,0,1,0,0,1,1,0,0,0,0,1,0,0,1,1,1,1,1,1,0,1,0,0,1,1,1,0,0,0,0,1,0,0,0,0,0,1,0
"427",1,1,0,1,1,1,0,0,0,0,1,1,0,1,0,0,1,0,0,1,0,0,1,0,0,1,0,0,1,0,0,1,1,0,0,0,0,1,0,1
"428",0,1,0,0,0,1,0,1,0,1,1,1,0,1,0,0,1,1,1,1,1,0,1,0,0,0,1,0,0,1,0,0,0,1,1,1,0,1,1,1
"429",0,1,0,1,1,0,1,0,1,0,0,1,1,1,0,1,1,1,1,0,1,0,1,0,1,1,1,1,1,0,0,0,1,1,1,1,0,0,1,1
"430",1,0,0,1,0,1,0,1,0,1,1,1,0,0,0,0,0,0,1,1,0,0,1,0,1,1,1,0,1,0,0,1,0,1,1,1,0,0,1,1
"431",1,1,0,1,0,1,1,1,0,0,0,1,0,0,0,0,1,0,1,1,0,1,1,0,0,0,1,1,0,1,1,0,0,1,1,0,0,0,1,1
"432",1,1,0,1,1,0,0,1,0,0,0,1,1,0,0,1,1,1,1,1,0,1,1,0,1,0,1,0,0,0,0,0,0,1,1,0,0,1,1,1
"433",0,0,0,0,1,1,1,0,0,0,0,1,1,0,1,1,0,0,1,1,1,1,1,1,0,1,1,1,1,0,0,0,0,0,1,0,0,1,1,1
"434",1,0,0,1,1,1,1,1,0,1,1,1,1,1,0,0,0,0,0,1,1,1,1,1,1,1,1,1,1,1,0,0,0,0,1,0,0,0,1,0
"435",1,0,0,1,0,1,1,0,0,0,1,0,0,1,0,0,0,1,1,1,0,1,0,0,1,0,0,0,0,1,1,1,0,0,1,1,0,1,1,1
"436",0,1,0,0,0,1,1,1,0,0,1,0,1,1,0,0,1,0,1,0,1,1,1,0,1,1,1,0,1,0,0,1,1,1,1,0,0,1,0,1
"437",1,1,0,0,1,1,0,1,1,0,0,0,1,1,0,0,1,0,1,0,1,1,1,0,0,1,1,0,0,0,1,0,0,1,1,0,0,0,1,1
"438",1,1,0,0,1,1,1,1,0,0,1,1,1,1,0,0,0,0,1,1,0,1,1,1,0,1,1,0,1,0,0,1,0,0,0,1,0,0,1,1
"439",1,0,0,0,0,0,1,1,0,0,1,1,1,1,0,1,1,0,1,0,1,1,1,0,0,0,1,1,0,0,1,0,1,0,1,0,0,1,1,0
"440",1,0,0,1,1,1,1,0,1,0,0,1,1,1,0,0,1,0,1,0,1,1,1,0,0,0,1,0,0,1,0,1,0,0,1,1,1,1,1,1
"441",1,0,0,0,1,1,0,0,0,0,1,0,0,1,1,1,1,0,1,0,1,0,1,0,1,0,0,0,1,0,0,1,1,1,1,0,0,1,1,1
"442",1,0,0,1,0,1,1,1,0,1,1,1,0,0,0,1,1,1,1,1,1,1,0,0,0,1,1,1,0,1,0,0,1,0,1,0,0,1,1,0
"443",1,0,0,0,1,0,1,1,0,1,1,1,0,1,0,1,1,0,1,1,0,1,1,0,1,0,1,1,0,1,1,1,0,1,1,0,1,1,1,0
"444",1,0,0,0,0,1,1,0,0,0,1,0,1,1,1,1,1,1,1,0,1,1,1,1,1,0,0,0,1,0,0,0,0,1,1,0,0,0,1,0
"445",0,1,0,1,0,1,0,0,0,0,1,1,1,0,0,0,0,0,1,1,1,1,0,0,0,0,0,0,1,1,0,0,0,0,1,0,0,0,1,1
"446",1,0,1,1,1,1,0,1,0,0,1,1,1,0,0,1,1,0,1,0,1,1,1,0,1,0,0,1,0,0,0,0,0,0,1,1,1,1,1,0
"447",0,1,0,1,1,0,0,1,0,0,1,0,1,0,0,1,1,1,1,0,1,1,1,0,1,0,0,1,1,1,1,1,0,1,1,0,0,1,1,1
"448",1,0,0,0,1,1,1,1,0,0,0,0,0,1,0,1,1,0,1,1,1,1,1,0,1,1,0,1,0,1,0,1,0,0,0,0,1,1,1,1
"449",0,0,0,1,1,1,1,1,0,0,1,0,0,0,0,0,0,0,0,1,1,1,1,0,1,0,1,1,0,0,0,1,0,0,0,0,0,1,1,1
"450",1,0,0,1,1,1,1,1,0,1,1,0,1,1,1,1,1,1,0,1,1,1,1,0,1,1,1,0,0,1,0,0,0,1,1,0,0,1,1,1
"451",1,0,1,1,1,1,0,1,0,1,1,1,1,1,0,1,0,1,1,1,1,0,1,0,0,1,1,0,1,0,1,1,1,0,1,0,1,1,1,0
"452",0,0,0,1,1,1,1,0,1,0,0,1,1,0,0,0,0,1,0,0,1,1,1,1,1,0,1,1,1,0,0,1,1,0,1,0,0,0,1,0
"453",1,0,0,0,0,1,0,0,0,0,0,0,0,1,0,0,0,1,1,0,0,1,1,1,0,1,1,0,0,0,0,0,0,1,1,1,0,0,1,1
"454",1,1,0,1,1,1,1,0,0,0,0,1,0,0,0,0,1,0,1,0,1,0,1,0,1,0,1,1,1,1,0,0,1,0,1,0,0,0,1,1
"455",0,0,0,1,1,1,1,1,0,1,1,1,0,1,0,1,1,1,1,0,0,0,1,0,0,1,1,1,0,1,0,0,0,1,0,1,0,1,1,0
"456",1,0,0,0,0,1,1,0,0,0,1,0,1,1,0,1,1,1,1,0,1,0,1,1,0,0,0,1,0,0,0,0,0,1,0,0,0,0,1,0
"457",1,1,0,1,0,0,1,1,0,0,1,0,1,1,0,0,1,1,1,0,0,1,1,0,0,0,1,1,1,1,1,0,0,1,0,0,0,0,0,1
"458",1,0,0,1,0,1,0,0,0,0,1,1,0,1,0,1,1,0,1,0,1,0,1,0,1,0,1,1,1,0,0,0,0,1,0,0,0,1,1,1
"459",1,0,0,1,0,0,0,1,0,0,1,0,0,1,0,0,0,1,1,1,1,1,1,1,0,1,1,1,0,0,0,0,1,0,1,1,0,1,1,0
"460",1,0,1,0,0,1,1,0,0,0,0,1,1,1,1,0,0,1,0,0,1,0,1,1,1,1,1,1,0,1,0,0,0,0,0,0,1,1,1,1
"461",0,1,0,1,1,0,1,0,0,0,0,1,0,0,0,1,1,1,0,1,1,1,1,1,0,0,1,0,0,1,0,0,0,1,0,0,0,1,1,1
"462",1,1,0,1,0,1,1,1,0,0,1,1,0,1,0,1,1,1,1,0,0,1,1,0,1,1,0,0,0,1,1,0,0,1,1,1,0,0,1,0
"463",1,0,0,0,0,0,1,0,0,0,1,1,1,0,0,0,1,0,1,1,1,0,1,1,0,1,1,0,1,1,0,0,0,1,0,0,0,1,1,0
"464",1,0,0,1,1,1,0,1,0,1,0,0,1,1,1,1,0,1,0,1,1,1,0,1,0,1,1,1,0,0,1,0,0,1,1,1,0,0,1,1
"465",1,1,0,1,1,1,0,1,0,0,1,0,0,0,0,1,0,0,1,0,0,0,1,0,0,1,1,0,0,0,0,0,0,1,1,1,0,1,1,1
"466",1,0,0,1,0,1,1,0,0,1,1,0,1,1,0,0,1,1,1,1,0,1,1,0,1,1,0,0,1,0,0,1,0,1,1,0,0,0,1,0
"467",1,1,0,1,0,0,1,1,0,0,1,0,1,1,0,0,0,0,1,0,0,0,0,0,1,1,1,0,1,0,0,0,0,1,0,0,0,0,1,1
"468",1,0,0,1,0,1,1,0,1,0,1,1,0,1,1,0,0,0,1,1,1,1,1,1,1,0,0,0,1,1,0,0,0,0,1,1,0,1,1,0
"469",0,1,0,0,0,1,1,0,1,0,0,1,0,0,1,0,1,0,1,0,1,0,1,1,1,1,1,0,1,0,0,0,0,1,1,0,0,0,1,1
"470",1,1,0,1,0,1,1,0,1,0,1,1,0,0,0,1,1,0,1,0,0,1,1,0,1,1,0,0,0,0,0,0,0,1,0,0,0,1,1,0
"471",0,0,0,1,1,1,1,1,0,0,0,1,1,0,0,0,1,1,1,1,1,1,1,0,1,1,1,0,0,0,0,0,1,0,0,1,0,1,1,0
"472",0,0,1,1,0,1,0,1,0,0,0,0,0,1,0,0,1,1,1,0,0,0,1,1,1,0,0,1,0,0,0,1,1,0,0,0,0,0,1,1
"473",1,1,0,1,1,1,0,0,1,1,0,0,0,1,0,0,0,1,0,1,1,1,1,1,1,1,1,0,1,0,0,0,1,1,1,1,0,0,1,0
"474",1,0,0,1,0,1,0,1,0,0,0,1,0,1,0,1,1,1,1,1,0,0,0,0,1,1,1,0,0,0,0,0,0,1,1,0,0,1,1,1
"475",1,1,0,0,0,1,0,1,0,0,0,0,0,0,0,0,0,1,1,0,1,1,1,0,1,1,0,0,1,1,1,0,0,1,1,0,0,1,1,1
"476",1,0,0,1,0,0,0,1,0,1,1,0,0,1,0,0,0,1,1,0,1,0,1,1,1,1,0,1,0,0,0,0,1,1,0,1,1,0,1,1
"477",1,0,0,1,1,1,1,1,0,0,1,0,0,1,1,0,0,1,1,0,1,0,1,1,1,0,0,1,0,1,0,0,1,0,1,0,0,0,1,0
"478",1,1,0,1,1,0,1,1,1,1,1,0,1,0,1,0,0,1,1,0,1,1,1,1,1,1,1,0,0,1,0,1,0,1,1,0,0,0,1,1
"479",0,0,0,0,0,1,1,1,0,0,0,1,0,0,0,0,0,0,1,1,1,1,1,1,1,0,0,0,1,1,0,0,0,1,0,0,0,1,1,0
"480",1,1,0,0,1,0,0,1,0,0,0,0,1,1,0,1,1,1,1,0,0,1,0,0,1,1,1,0,0,0,0,0,0,1,0,0,0,0,1,1
"481",1,0,0,1,0,0,0,0,0,0,0,0,0,1,0,0,1,0,1,0,1,1,1,0,1,0,0,0,1,0,0,1,1,0,0,1,0,0,1,0
"482",1,0,0,1,0,1,0,0,1,0,0,1,0,1,0,1,1,1,1,0,1,1,1,0,1,1,1,1,1,1,0,0,1,1,0,0,1,1,1,1
"483",1,0,0,1,0,1,1,0,0,0,1,0,1,1,0,0,1,0,0,0,1,0,1,1,1,0,1,1,1,0,0,0,0,1,0,0,1,1,1,0
"484",1,0,1,1,0,0,1,0,1,0,1,0,0,0,0,0,1,0,1,0,0,1,1,0,0,1,0,1,1,0,0,1,0,0,0,1,0,0,1,0
"485",1,1,0,1,0,1,0,1,0,0,1,0,0,0,0,1,1,0,1,1,0,1,1,0,1,1,1,1,0,0,0,0,0,0,0,1,0,0,1,0
"486",0,1,0,1,0,0,0,1,0,1,1,1,0,1,1,1,1,0,1,0,1,1,1,0,0,0,1,1,1,1,0,1,0,1,0,1,0,1,1,0
"487",1,0,0,1,1,1,1,0,0,1,1,0,0,0,0,1,1,1,1,1,1,1,1,0,1,1,1,1,0,0,1,1,1,0,1,0,0,1,1,1
"488",0,0,0,0,0,1,1,1,0,1,1,0,0,1,0,1,0,0,1,1,1,0,1,0,1,1,0,0,0,0,0,0,1,1,1,0,0,1,0,0
"489",1,1,1,0,1,0,1,0,1,0,1,1,1,0,0,1,1,1,1,1,1,1,0,0,0,0,0,1,0,1,0,1,0,1,1,1,0,0,0,0
"490",1,1,0,0,0,1,1,1,1,1,1,1,1,0,0,0,1,1,1,1,1,0,1,1,1,1,0,0,0,0,1,0,0,1,0,1,0,0,1,1
"491",1,1,0,0,1,1,0,0,0,0,1,0,0,0,0,1,0,1,1,0,1,1,1,0,1,0,1,0,0,0,0,1,0,0,1,0,0,1,1,1
"492",1,0,0,1,0,1,1,0,0,0,1,0,0,0,0,0,0,1,1,1,1,1,1,1,0,1,1,0,1,1,1,0,0,1,0,0,0,1,1,0
"493",1,0,0,1,1,1,1,1,0,0,1,1,0,0,0,0,1,0,1,0,1,1,1,0,1,1,1,1,1,0,0,0,1,0,1,1,0,1,1,1
"494",1,0,1,1,1,1,1,1,0,0,1,0,0,1,0,0,1,0,1,1,1,0,1,1,1,1,1,1,1,1,0,0,0,0,1,1,1,0,1,1
"495",1,1,0,0,0,1,0,1,0,0,0,1,1,1,0,1,1,0,0,0,0,0,1,0,1,1,1,0,1,0,0,0,0,0,1,0,0,0,1,0
"496",1,1,1,1,1,1,1,0,0,0,0,1,0,0,0,1,1,1,1,0,0,0,1,1,0,1,0,0,0,1,0,1,0,0,1,1,0,0,1,0
"497",0,0,0,0,0,1,1,1,0,0,1,1,1,0,1,1,1,0,1,0,0,1,1,0,1,1,0,0,0,0,0,0,0,1,0,0,0,1,0,1
"498",1,1,0,0,1,0,1,1,0,0,0,0,0,0,0,0,0,1,1,1,1,0,0,0,1,1,1,0,0,0,0,0,0,1,1,0,0,0,1,0
"499",0,1,0,1,1,0,0,0,0,0,0,1,0,1,0,0,0,0,1,0,1,0,1,0,0,0,1,0,0,0,0,0,0,1,1,1,0,1,1,0
"500",1,1,1,1,1,1,0,1,0,0,1,1,0,1,0,0,1,0,1,1,1,1,1,1,0,0,1,1,0,0,1,0,1,0,1,1,0,1,1,1
"501",0,1,0,0,1,0,1,1,0,0,1,0,0,0,1,0,1,0,1,1,1,1,0,0,0,0,1,0,1,0,0,0,0,0,0,0,0,1,1,1
"502",1,0,0,1,0,1,1,1,0,0,0,0,1,0,1,0,1,1,0,1,1,0,0,0,0,1,1,0,1,1,0,0,1,0,1,1,0,0,1,1
"503",0,0,0,0,0,1,0,1,1,0,0,0,0,1,0,0,1,1,1,0,1,0,1,0,0,0,1,0,0,0,0,0,0,0,0,1,0,1,1,0
"504",1,1,0,0,1,1,0,1,0,0,1,1,0,1,0,0,1,0,1,1,1,0,1,0,1,0,0,0,1,1,1,1,0,1,1,0,0,1,1,1
"505",0,0,0,1,0,1,0,0,0,1,1,1,0,0,1,0,1,0,1,1,0,0,1,0,1,1,0,0,1,0,1,0,1,0,1,0,0,0,1,0
"506",1,0,0,1,0,1,1,1,1,1,1,1,1,1,0,1,1,1,1,1,1,0,1,1,1,0,1,0,0,0,1,1,1,1,0,0,0,0,1,1
"507",1,0,1,1,0,1,0,0,0,1,1,0,1,0,0,1,0,1,1,1,0,1,1,0,1,1,0,0,1,0,0,0,0,1,1,0,0,0,1,1
"508",0,0,1,1,0,1,0,1,0,0,1,1,0,0,0,0,0,1,1,0,1,0,1,1,0,1,1,1,1,0,0,1,0,0,1,1,1,1,1,1
"509",1,0,0,1,1,1,0,1,0,1,1,0,1,0,0,0,0,1,1,1,1,0,1,1,0,0,0,0,1,0,0,0,0,0,1,0,0,1,1,0
"510",1,0,0,1,1,1,0,0,0,0,1,1,0,1,0,1,1,1,1,1,0,0,1,0,1,1,1,1,1,0,0,1,0,1,1,1,1,0,1,0
"511",1,0,1,1,1,0,0,1,0,0,1,0,0,1,0,1,1,0,1,1,1,1,1,0,1,0,0,0,0,0,0,1,0,1,1,1,0,0,1,1
"512",1,0,0,1,0,0,1,0,0,0,1,1,0,1,0,0,0,0,1,1,1,1,1,0,1,1,1,0,0,0,0,1,0,0,1,1,0,1,1,1
"513",1,1,0,1,0,1,1,1,1,1,1,0,0,1,0,0,0,0,1,0,1,0,1,0,0,0,1,0,1,0,0,0,0,1,0,1,0,0,1,0
"514",1,1,1,0,0,1,1,0,0,0,0,1,0,0,0,1,1,1,1,0,0,1,1,1,1,0,1,0,0,0,0,1,0,1,1,1,0,1,1,0
"515",1,1,0,0,1,1,0,1,1,0,1,0,1,1,0,0,0,0,1,1,1,0,1,0,0,0,1,1,1,0,0,0,0,0,1,0,0,0,1,1
"516",0,1,0,1,1,1,1,0,0,1,1,0,0,0,0,1,1,1,0,1,0,1,1,0,0,0,0,0,1,0,1,0,0,0,1,1,0,0,1,0
"517",1,0,1,0,0,1,1,0,0,1,0,0,0,1,0,0,0,1,1,1,1,1,1,1,0,1,1,0,0,0,0,0,0,1,1,0,0,0,1,1
"518",1,0,0,1,0,0,0,1,0,0,0,1,0,0,0,0,1,0,1,1,1,1,1,0,1,1,1,0,0,1,0,0,0,1,1,1,0,1,1,1
"519",0,1,1,0,0,0,1,1,0,0,0,1,0,1,1,1,0,1,0,1,0,0,1,0,1,1,1,0,1,0,0,0,0,0,0,1,0,0,1,0
"520",1,0,0,0,1,1,0,1,0,0,1,1,0,0,0,1,1,1,1,0,0,1,1,0,0,1,0,0,1,0,0,1,0,0,1,0,0,1,1,1
"521",0,0,0,1,0,1,1,1,0,1,1,0,1,0,0,1,1,1,0,1,0,0,1,0,1,1,0,0,1,0,0,0,0,1,0,0,0,1,1,1
"522",1,0,0,1,1,1,1,1,0,0,0,0,0,1,1,0,1,1,0,1,0,1,1,1,0,1,1,0,1,0,0,0,0,1,1,0,1,0,1,1
"523",1,0,0,1,0,0,0,0,0,0,1,0,0,1,0,0,1,1,1,0,1,1,0,0,1,1,0,0,1,0,1,0,0,0,0,1,0,0,1,1
"524",1,0,0,1,1,0,0,1,0,1,0,0,0,0,0,1,1,0,1,0,1,0,1,0,1,0,1,0,1,0,0,0,0,0,0,1,1,1,1,1
"525",1,1,0,1,0,0,0,1,0,0,0,1,1,0,0,0,1,1,1,0,1,1,1,1,1,1,0,1,1,1,0,0,0,0,0,0,0,0,1,1
"526",1,1,0,0,1,1,1,1,0,0,0,1,1,0,0,1,0,1,1,0,1,1,1,1,0,1,1,0,0,0,0,0,0,1,0,1,0,1,1,0
"527",1,0,0,0,0,1,1,0,0,0,1,0,1,1,0,0,0,0,0,1,0,1,1,0,0,0,0,1,1,1,1,0,0,1,0,0,0,1,1,0
"528",0,0,0,1,1,1,1,0,0,1,1,0,0,1,0,0,1,1,1,0,1,1,0,0,1,1,1,0,0,0,1,0,0,1,0,0,0,0,1,0
"529",1,0,0,1,0,1,0,1,0,0,1,0,0,0,0,1,0,0,0,0,0,0,1,0,1,1,1,0,1,1,1,1,0,0,1,0,0,1,1,1
"530",1,1,0,0,1,1,1,0,0,1,1,1,0,0,1,1,1,1,0,1,1,1,1,1,0,1,0,0,1,1,0,0,0,0,1,0,1,0,1,0
"531",1,0,0,0,0,1,1,0,0,0,1,1,1,1,0,1,0,1,1,0,1,1,1,0,1,0,1,1,1,0,0,0,0,0,1,1,1,1,1,0
"532",1,0,0,0,1,1,1,1,0,0,0,1,1,1,0,1,0,0,1,1,1,1,1,0,1,1,1,1,1,0,0,0,0,0,1,1,0,0,1,1
"533",1,0,0,1,0,0,1,1,0,0,1,1,0,1,0,1,1,1,1,1,1,1,1,0,1,0,1,1,0,1,0,0,0,1,1,0,0,0,1,1
"534",0,1,1,1,1,1,0,1,0,1,0,1,0,0,0,1,1,0,1,1,1,1,1,0,1,0,1,0,1,0,1,0,0,1,1,0,0,0,1,0
"535",1,0,0,1,0,0,0,0,0,0,0,1,0,0,1,1,1,0,1,0,0,0,1,0,0,0,0,1,0,1,0,1,0,0,0,0,0,1,1,1
"536",0,0,1,1,0,1,0,0,0,0,0,1,1,1,0,1,1,1,0,1,1,1,1,1,1,1,1,1,1,0,1,0,0,0,1,1,0,1,1,1
"537",0,1,1,1,1,1,0,0,1,0,0,0,0,0,0,0,1,0,0,0,1,1,1,1,1,1,1,0,1,0,0,0,0,1,1,1,0,1,1,0
"538",0,0,0,1,0,0,0,1,1,0,1,1,1,1,0,0,1,1,1,0,1,1,1,1,1,1,1,1,1,0,0,0,0,0,1,0,0,1,1,0
"539",1,1,0,0,0,1,1,0,0,0,1,1,1,1,0,1,0,0,1,0,0,0,1,0,1,1,0,0,1,0,1,1,0,1,1,1,0,1,0,0
"540",1,1,0,1,0,1,0,0,0,0,1,1,1,1,0,1,1,0,1,0,0,0,1,0,1,1,0,1,1,1,1,0,1,1,1,0,0,0,1,1
"541",1,0,0,1,0,1,0,1,0,0,1,1,0,1,1,0,1,1,1,0,1,0,1,0,1,1,1,0,1,0,0,0,0,0,0,1,1,0,1,0
"542",0,1,1,1,1,1,0,0,1,1,1,1,0,0,1,0,1,1,0,1,0,1,1,0,0,1,1,1,0,0,0,0,1,0,0,0,1,0,1,0
"543",1,1,0,1,1,1,0,0,1,0,1,0,1,1,0,0,0,0,0,0,1,0,1,0,1,1,0,1,0,0,0,0,0,1,0,0,1,1,1,0
"544",0,0,0,1,0,0,0,1,0,1,0,0,0,1,0,0,1,1,0,0,0,0,1,0,0,1,0,1,0,1,0,0,0,1,1,1,0,1,1,1
"545",1,0,0,0,1,1,0,1,1,0,1,1,0,1,0,0,1,0,1,0,1,0,1,0,1,1,1,0,0,0,0,1,0,1,0,0,0,0,1,1
"546",1,1,0,1,0,1,1,1,0,0,1,0,0,0,0,0,0,0,0,1,1,0,1,0,1,1,1,0,0,0,0,1,0,1,1,0,0,0,1,0
"547",0,1,0,1,0,0,1,1,0,0,1,0,1,1,1,1,1,0,1,0,1,1,1,0,0,0,1,1,1,0,0,0,1,1,0,0,0,1,1,1
"548",1,1,0,1,1,1,1,1,1,1,1,0,0,0,1,1,1,1,1,0,1,1,1,0,0,1,1,1,0,0,0,1,0,1,1,0,0,1,1,0
"549",1,0,0,1,0,1,1,1,0,1,1,0,1,0,0,1,0,1,1,0,1,0,1,0,1,1,0,1,0,0,0,0,0,0,0,0,0,0,1,0
"550",1,1,1,1,1,1,1,1,1,0,1,0,1,0,0,1,1,0,0,0,0,0,1,1,1,0,1,1,1,1,0,1,0,0,0,0,1,1,0,0
"551",0,1,1,1,0,0,0,0,0,0,1,1,0,1,0,1,1,0,0,0,1,1,1,0,0,1,1,0,0,0,0,0,0,1,0,1,0,1,1,1
"552",1,1,1,1,1,1,0,1,0,0,1,0,1,1,0,1,1,0,1,0,0,0,0,1,1,0,0,0,0,0,0,1,0,1,0,1,1,1,1,1
"553",1,0,0,0,1,1,1,0,0,0,0,0,0,0,0,1,1,0,1,1,1,0,0,0,1,0,0,1,1,0,0,0,0,1,1,0,0,0,1,0
"554",0,1,0,1,0,0,0,1,0,1,0,1,0,0,0,1,1,0,1,0,1,1,1,1,1,1,0,1,0,0,1,0,0,1,1,0,0,0,1,1
"555",0,0,0,1,0,0,0,0,0,0,1,0,0,1,0,0,1,1,1,1,1,1,1,0,0,1,1,1,0,1,0,0,1,0,1,0,0,1,1,0
"556",1,1,0,1,0,1,1,0,0,1,0,1,0,0,0,1,1,1,1,1,1,1,1,0,0,1,1,0,1,1,0,0,0,1,0,1,0,1,1,1
"557",1,0,0,0,1,1,1,0,1,0,1,0,0,1,0,0,1,0,1,0,0,1,1,0,1,1,0,0,0,1,0,0,1,0,0,1,1,1,1,0
"558",0,0,0,1,1,1,1,0,0,0,1,1,0,0,0,1,1,0,1,0,1,0,1,0,0,1,0,0,0,0,1,0,0,1,0,0,0,0,0,0
"559",1,1,0,1,0,1,1,0,0,0,1,1,0,0,0,0,1,1,1,1,1,1,1,0,0,0,1,1,1,0,0,0,0,1,1,0,1,0,1,1
"560",0,1,0,1,0,1,1,0,0,0,1,1,1,0,0,1,1,0,1,0,1,1,1,1,1,1,1,0,0,1,0,1,1,0,0,1,0,1,1,1
"561",1,0,0,1,0,1,1,0,0,0,1,1,0,0,0,1,1,0,1,1,1,1,0,0,0,0,0,0,0,0,1,0,0,1,1,1,0,1,0,1
"562",1,1,0,1,1,1,1,1,0,0,1,1,0,0,0,0,1,1,1,0,1,1,1,0,1,1,0,1,0,1,0,0,1,1,0,1,1,1,1,1
"563",1,0,0,0,1,1,1,1,0,1,0,0,1,1,0,0,1,1,1,1,0,1,1,0,1,0,0,0,1,1,1,0,0,1,0,1,1,0,1,0
"564",1,1,0,0,1,1,0,1,0,1,0,1,1,0,0,1,0,1,1,0,0,0,1,1,1,1,1,0,1,0,0,1,0,0,1,0,0,1,1,1
"565",1,1,0,1,1,0,1,1,0,0,0,1,0,0,0,0,1,0,1,1,1,0,1,0,0,0,1,0,1,1,0,0,0,1,1,0,0,0,1,0
"566",1,0,0,1,0,0,1,1,0,0,1,1,0,0,0,1,1,0,1,1,1,1,1,0,1,1,0,0,0,0,0,0,0,0,0,0,1,1,1,1
"567",1,1,0,0,0,1,1,1,0,0,1,0,1,0,0,1,1,1,1,0,1,1,1,0,1,1,1,1,1,1,0,0,0,0,1,0,0,0,1,0
"568",1,1,0,0,0,1,1,1,1,0,1,1,0,0,1,0,1,0,1,1,1,1,1,1,1,1,0,0,1,1,0,1,0,0,0,1,0,0,1,1
"569",0,1,0,1,0,0,1,0,0,0,1,1,0,0,1,1,1,1,1,0,1,0,1,0,1,1,0,0,1,0,0,1,0,1,1,1,0,1,1,0
"570",1,1,0,1,0,1,1,1,1,0,1,1,0,1,0,1,1,0,1,0,0,1,1,0,0,0,1,1,0,0,0,0,1,0,1,1,0,0,1,1
"571",0,0,0,1,1,1,1,1,0,0,1,0,0,1,0,0,1,0,0,1,1,1,0,1,0,1,1,0,0,1,0,0,0,1,0,0,0,1,1,0
"572",1,0,1,1,1,0,0,1,0,0,1,0,1,1,0,1,1,1,1,1,1,0,1,1,0,1,1,0,0,1,0,1,0,0,1,0,0,0,0,0
"573",0,1,0,0,0,1,0,1,0,0,1,0,1,1,0,0,1,0,1,1,1,0,1,0,1,1,0,0,0,0,0,1,0,1,0,1,1,0,0,1
"574",1,1,0,1,1,0,1,1,0,0,0,1,1,1,0,0,1,0,0,0,1,1,1,0,0,1,1,1,0,0,1,0,0,0,1,1,1,1,1,0
"575",1,0,0,1,0,1,1,1,0,0,1,1,0,0,0,1,1,0,0,0,1,1,1,0,0,1,1,1,1,0,0,1,0,0,0,0,0,0,1,0
"576",1,0,0,0,1,1,1,1,0,0,1,0,0,1,1,1,1,0,1,0,1,1,1,0,0,0,1,0,1,1,0,1,0,1,1,1,0,1,1,0
"577",1,1,1,1,0,1,1,1,0,0,0,1,0,1,0,1,1,0,1,0,1,1,1,0,0,0,0,0,0,1,0,1,0,0,1,0,0,0,1,0
"578",0,1,0,1,1,0,0,0,0,0,0,0,0,1,0,0,0,1,1,0,1,1,1,1,1,0,0,1,1,0,1,0,0,0,1,0,0,0,1,0
"579",1,0,0,1,1,0,1,1,0,0,1,0,0,1,1,0,0,1,1,0,1,1,1,0,0,0,1,0,0,0,1,0,0,1,1,0,0,1,1,1
"580",0,1,0,1,1,0,1,0,0,0,1,1,0,1,1,0,1,1,1,1,1,1,1,1,0,1,0,0,0,1,0,0,0,0,0,0,0,0,1,0
"581",1,1,0,0,0,0,0,1,0,0,1,0,1,0,0,0,1,1,1,0,1,1,1,0,1,1,0,0,0,0,0,0,0,1,1,1,0,0,1,0
"582",1,1,0,0,0,0,0,0,1,0,1,0,0,1,0,1,0,0,1,0,0,1,1,0,1,0,0,1,0,1,0,0,0,0,0,1,0,1,1,0
"583",0,1,1,1,1,1,1,0,0,1,1,0,0,1,0,0,1,0,0,1,0,1,0,0,0,0,1,0,1,1,0,1,0,0,1,0,1,0,1,0
"584",0,0,1,0,0,1,1,1,0,1,1,0,1,0,1,1,1,1,0,1,1,1,0,1,1,1,1,0,0,1,0,0,1,0,1,0,0,1,1,0
"585",1,1,0,1,0,1,1,0,0,0,0,0,0,1,1,0,1,0,1,0,0,0,1,0,0,1,0,0,0,1,0,1,0,0,1,1,0,1,1,1
"586",1,1,0,1,1,0,1,0,1,0,1,0,1,1,0,0,1,1,1,0,1,1,1,1,1,1,1,1,0,0,0,0,0,0,1,1,1,0,1,0
"587",1,0,0,0,1,1,1,1,0,0,1,0,1,1,0,1,1,0,0,0,1,0,1,1,1,1,0,0,0,0,0,1,0,1,1,0,0,1,1,1
"588",0,1,0,1,0,1,1,1,0,0,1,0,0,1,0,0,1,0,1,0,0,0,1,1,1,0,1,1,0,1,0,0,0,0,1,1,0,0,1,0
"589",1,0,1,1,1,1,1,0,0,1,1,0,0,0,0,0,0,0,1,0,1,1,1,0,1,1,1,1,1,0,0,0,0,1,0,0,0,1,1,0
"590",0,0,0,1,1,1,1,0,0,1,0,0,0,0,0,1,1,0,1,0,1,0,1,0,1,1,1,1,1,0,0,1,0,1,0,1,1,0,1,1
"591",1,0,0,0,0,0,1,1,1,1,1,1,0,0,0,1,0,0,1,1,1,0,0,1,1,1,0,0,1,0,1,0,0,0,1,1,0,0,1,1
"592",0,1,0,1,0,1,1,1,0,0,1,1,1,0,0,0,1,1,1,1,0,1,1,0,1,0,1,1,0,0,0,0,0,0,1,0,0,0,1,0
"593",1,0,0,1,1,1,1,0,1,0,1,0,1,1,0,0,1,0,1,1,0,1,1,1,0,0,0,1,0,1,0,0,0,0,1,0,0,1,1,0
"594",0,1,1,0,0,1,0,1,0,1,1,1,0,0,0,1,0,1,1,0,1,0,0,0,1,1,1,0,1,1,1,0,0,0,1,1,0,0,1,1
"595",0,0,0,0,0,1,1,0,0,1,1,0,0,0,0,1,1,0,1,1,0,1,1,0,1,1,1,1,1,0,1,1,0,1,0,0,0,0,1,1
"596",0,0,1,1,0,0,1,1,0,1,0,1,0,0,0,1,0,1,1,1,1,0,1,0,0,1,1,0,1,0,0,0,0,1,1,0,0,0,1,1
"597",1,1,0,1,0,1,0,1,1,0,0,0,0,0,1,0,1,1,1,1,0,0,1,1,1,1,1,1,0,1,0,0,0,1,1,1,0,0,1,0
"598",1,1,0,1,0,1,1,1,0,0,1,0,0,0,0,0,1,1,1,0,1,1,1,1,0,1,1,1,1,0,0,0,0,0,0,0,0,0,1,1
"599",1,1,0,1,0,1,1,0,1,0,0,1,0,0,0,0,1,1,0,0,1,0,1,0,0,0,1,0,1,0,0,0,0,1,0,1,1,1,1,0
"600",1,1,0,1,0,1,1,0,1,0,0,1,1,1,0,1,1,0,0,0,1,1,1,0,1,1,1,1,0,0,0,1,0,1,1,1,1,1,1,0
"601",0,0,0,1,0,1,0,0,0,0,0,1,1,1,0,1,0,0,0,0,1,1,1,0,0,0,1,0,0,0,0,0,0,1,1,0,0,1,1,0
"602",0,0,0,1,0,1,1,1,0,0,1,0,1,0,1,1,1,0,1,0,1,0,1,1,0,0,0,0,0,0,0,1,0,1,0,0,0,1,1,1
"603",1,1,0,1,0,1,1,1,0,0,1,1,1,0,1,0,1,1,0,1,0,0,0,0,0,0,1,0,0,1,0,1,0,0,0,0,0,1,1,0
"604",0,1,0,1,0,0,1,0,0,0,1,1,1,0,0,0,1,0,1,1,1,1,0,0,1,1,1,1,0,0,0,1,0,1,0,0,0,0,0,0
"605",0,0,0,0,0,1,1,0,0,1,0,0,1,1,1,1,1,1,1,1,1,0,1,0,0,1,0,0,0,0,0,0,0,1,0,0,1,0,1,0
"606",0,1,1,1,1,1,0,1,0,1,1,0,1,1,0,0,1,1,1,1,1,0,1,1,0,1,0,0,0,1,1,1,0,1,1,0,0,1,0,0
"607",1,1,0,1,0,0,0,1,0,0,1,0,0,1,0,1,1,0,1,0,0,1,1,1,0,1,0,1,0,1,0,0,1,1,1,0,0,0,1,0
"608",1,0,0,1,0,1,0,1,0,0,1,1,0,0,1,1,1,1,1,0,1,1,0,0,1,1,1,0,1,0,0,0,0,0,1,0,0,0,1,0
"609",1,1,0,1,1,1,0,1,0,0,0,0,0,0,0,0,0,0,1,0,1,0,1,0,1,1,1,0,0,0,0,1,0,1,1,0,0,1,1,0
"610",1,1,0,1,1,1,1,0,0,1,0,1,1,0,0,1,1,0,1,1,1,1,1,1,1,1,1,1,0,0,0,1,0,1,0,1,0,0,1,0
"611",0,1,1,1,0,1,1,0,1,1,0,1,0,1,0,1,0,1,1,1,1,0,1,0,1,1,1,0,0,1,0,1,1,1,0,0,0,1,1,0
"612",0,1,0,0,0,0,1,0,0,0,1,1,0,1,0,0,1,1,1,1,1,0,1,0,1,1,0,0,1,0,0,1,0,0,1,0,1,0,1,0
"613",0,1,0,0,0,0,1,0,0,0,1,0,1,0,0,0,0,1,1,0,0,1,1,0,0,1,1,1,1,1,1,0,0,1,1,0,0,1,1,1
"614",1,0,0,1,1,1,0,1,0,0,1,0,1,1,0,0,0,1,0,1,1,1,1,0,0,1,1,0,0,0,1,0,0,1,1,1,0,0,1,1
"615",1,1,0,1,1,1,1,1,0,1,1,0,1,1,0,1,1,0,1,0,1,1,1,0,1,0,0,0,1,0,0,0,1,0,1,0,0,1,1,0
"616",1,1,1,1,0,1,1,0,0,0,0,0,0,0,1,0,1,0,1,1,1,0,1,0,1,1,1,0,1,0,0,1,1,0,1,0,0,0,0,1
"617",1,1,0,1,0,0,1,0,0,0,0,1,0,0,0,0,1,1,0,0,1,1,0,1,0,0,1,1,0,0,0,0,1,1,1,1,0,1,0,0
"618",1,1,0,1,0,0,1,1,0,0,1,0,1,0,1,0,1,1,1,1,1,1,1,1,0,0,1,0,1,0,1,1,1,1,1,0,0,1,1,1
"619",1,0,0,1,1,1,0,1,1,0,1,0,1,0,0,1,0,1,1,1,1,1,1,1,1,0,1,1,0,0,0,0,0,0,1,1,1,0,1,1
"620",1,1,0,0,1,1,1,0,0,1,1,1,0,0,0,0,1,0,1,0,0,1,1,0,1,1,1,0,1,0,0,0,0,1,1,0,0,0,1,0
"621",1,1,0,1,1,1,1,1,0,1,1,0,0,1,1,0,0,1,1,1,1,1,1,0,1,1,1,1,0,0,0,0,0,1,0,0,0,0,1,0
"622",1,0,0,1,0,0,1,1,0,0,1,1,0,1,0,1,0,0,1,0,0,1,1,0,1,1,1,0,0,0,0,1,0,0,0,1,0,0,1,1
"623",0,0,0,1,1,0,0,1,0,0,1,1,0,1,0,1,1,1,1,1,1,1,1,1,1,0,1,1,0,0,1,0,1,1,1,0,0,0,1,0
"624",1,0,0,1,0,1,0,0,0,0,0,0,1,0,0,0,0,0,1,0,1,0,0,1,0,0,0,0,1,1,0,0,0,1,0,0,0,1,1,1
"625",1,0,1,1,1,1,0,1,0,0,0,1,1,0,0,1,1,0,1,1,1,1,1,0,1,1,1,1,0,0,1,0,0,0,0,1,0,0,1,0
"626",1,1,0,1,1,0,1,0,0,0,0,0,1,1,0,0,1,1,1,0,1,1,1,1,0,1,1,0,1,0,0,0,0,1,1,0,0,0,1,0
"627",1,1,0,0,1,0,0,1,0,0,0,1,0,0,0,0,1,1,1,0,1,0,1,0,0,1,1,0,0,0,0,0,0,1,1,0,0,1,1,1
"628",1,1,1,0,1,1,0,1,0,0,1,1,1,1,0,0,0,1,0,1,1,1,1,0,0,1,1,0,1,1,0,0,1,0,0,0,1,1,1,1
"629",1,1,1,1,0,1,1,0,0,0,1,0,1,0,1,1,0,1,1,1,1,1,1,0,1,0,1,0,0,0,0,1,0,0,1,0,0,1,1,0
"630",1,0,0,1,1,1,1,0,0,0,1,0,0,0,0,0,0,0,1,0,0,1,1,0,0,1,1,1,0,0,1,1,0,1,1,1,0,0,1,1
"631",1,1,0,1,0,1,1,0,0,0,0,1,0,0,1,0,1,0,1,1,1,0,0,0,0,1,1,0,0,0,0,1,0,0,0,0,0,1,1,1
"632",1,0,0,1,0,0,0,1,0,0,1,0,1,0,1,1,1,0,1,1,1,1,0,0,1,1,1,0,0,1,0,0,0,1,0,0,0,0,1,1
"633",0,1,0,0,0,1,1,0,0,0,1,0,0,1,0,0,1,0,1,0,1,0,1,1,0,0,1,0,0,0,0,0,1,1,1,1,0,0,1,1
"634",1,1,0,1,1,1,0,1,0,0,1,0,0,0,0,1,1,1,0,0,0,1,1,1,1,1,1,1,0,1,0,0,0,1,0,0,1,1,1,0
"635",1,0,1,1,0,1,1,1,0,0,1,0,1,0,0,1,1,0,1,0,1,1,1,1,1,0,1,0,0,1,0,1,0,1,0,1,0,1,1,1
"636",0,1,0,0,1,1,0,1,0,0,0,1,0,1,0,1,1,1,1,0,1,1,1,0,1,1,1,1,0,1,0,1,0,0,1,1,1,0,1,0
"637",0,0,0,0,1,1,0,1,0,0,1,0,0,1,0,0,0,0,1,1,1,1,1,1,1,1,1,1,1,1,0,1,0,0,0,0,0,0,0,1
"638",0,0,0,0,0,1,0,1,0,0,0,0,0,1,0,0,1,0,1,1,1,1,1,1,0,1,1,0,0,0,0,0,0,1,1,1,0,1,1,1
"639",1,1,0,1,1,1,1,1,0,0,1,0,0,0,0,0,0,0,0,1,1,0,1,0,0,1,0,1,1,0,0,1,0,0,0,0,0,0,1,0
"640",1,1,0,1,1,1,1,1,0,1,1,1,0,1,1,1,1,0,0,1,1,0,1,0,0,0,1,0,0,0,0,1,0,1,0,1,0,0,1,1
"641",1,0,0,1,0,1,0,1,1,0,0,1,1,0,0,0,0,1,1,1,1,0,1,0,1,0,0,0,1,0,0,0,0,0,1,0,0,1,1,1
"642",1,0,0,1,0,0,1,0,0,0,0,1,1,0,0,0,0,0,1,0,0,1,1,0,1,1,0,1,1,1,0,1,0,0,0,1,0,0,0,1
"643",1,1,0,1,0,1,1,0,0,0,1,0,0,1,0,1,1,0,1,0,1,1,1,0,1,1,1,0,1,0,0,0,0,0,1,1,0,0,1,1
"644",1,1,0,1,0,1,1,0,1,1,1,0,1,0,0,1,1,0,1,0,0,1,1,1,0,0,0,1,1,1,1,0,0,1,0,0,0,0,1,1
"645",1,0,0,1,0,1,1,1,1,1,1,1,0,0,0,1,1,1,1,0,0,0,1,0,1,1,0,1,0,1,1,0,0,1,1,0,0,0,1,1
"646",1,1,0,1,1,1,0,1,0,0,1,1,0,1,0,1,1,1,1,0,1,1,1,0,1,0,1,0,1,0,0,0,0,1,1,0,0,0,1,0
"647",1,0,0,1,1,1,0,0,0,0,0,1,1,1,0,0,1,1,1,0,1,1,1,0,1,0,1,1,0,0,0,0,0,0,1,0,1,1,1,1
"648",0,1,0,0,0,1,0,1,0,0,1,1,0,0,1,1,0,1,1,1,1,0,1,0,0,1,1,1,0,0,0,1,0,0,1,1,0,0,1,0
"649",1,1,0,0,0,0,1,0,0,0,1,0,1,0,0,1,1,0,1,1,1,1,1,0,0,0,1,0,0,0,0,0,1,1,1,0,1,1,1,0
"650",1,0,0,1,1,1,1,0,0,1,1,1,1,1,1,1,1,0,0,0,0,1,1,0,0,1,1,1,0,1,0,1,0,1,0,1,0,0,1,0
"651",0,0,1,1,1,0,1,1,0,0,1,0,0,0,1,1,1,1,1,1,0,1,1,0,1,1,1,0,1,0,1,1,0,1,1,0,0,0,1,0
"652",1,1,0,0,1,1,0,1,0,1,1,1,1,0,1,0,1,1,1,0,1,1,0,0,0,0,1,1,1,0,0,0,0,1,1,1,0,1,1,1
"653",1,1,0,1,1,1,1,1,1,1,1,1,0,1,0,1,0,1,1,0,1,1,1,0,1,0,1,0,1,0,1,0,0,1,0,0,0,0,1,1
"654",1,0,0,0,0,1,1,0,0,1,1,0,1,0,0,1,0,0,1,1,1,1,1,0,1,1,0,1,1,1,0,1,0,1,1,0,0,1,1,1
"655",1,1,0,1,0,1,1,0,0,1,1,1,1,0,1,1,1,1,1,0,1,0,1,0,1,0,1,1,0,0,1,0,0,1,1,0,0,0,1,0
"656",1,1,0,1,1,0,1,1,0,0,1,1,0,0,0,1,0,1,1,0,1,1,1,0,1,1,1,0,0,0,1,0,0,1,0,0,0,0,1,1
"657",1,0,0,0,1,1,1,1,0,0,0,0,1,0,0,0,0,1,1,1,0,1,1,0,1,0,0,1,1,0,0,1,0,1,0,1,0,1,1,0
"658",0,0,0,1,0,1,0,1,0,0,0,1,0,1,0,0,1,1,1,1,1,0,1,0,0,1,1,0,1,0,0,0,0,1,1,1,0,1,1,0
"659",1,1,0,0,0,1,1,0,1,0,0,0,1,0,0,1,1,0,1,1,0,0,1,0,1,1,1,0,0,0,0,0,0,1,1,0,0,1,1,1
"660",1,1,0,1,0,0,1,0,0,0,0,1,0,0,0,1,1,0,1,1,1,0,1,0,1,0,1,0,0,1,0,1,1,1,1,1,0,0,1,0
"661",1,0,0,0,1,0,1,0,1,0,1,1,1,1,0,0,1,1,1,1,1,0,1,0,0,0,1,0,0,0,1,0,0,0,1,0,0,0,1,0
"662",0,1,0,0,1,1,1,0,0,0,0,1,0,0,0,1,1,1,1,0,1,0,0,0,1,1,1,0,0,0,0,0,0,0,0,0,0,0,1,0
"663",1,0,0,1,0,1,0,1,1,0,1,0,0,0,0,0,1,0,0,0,0,1,1,0,0,1,1,0,0,1,0,0,0,1,0,0,0,0,1,1
"664",0,0,0,1,0,0,1,1,0,1,1,1,1,0,0,0,0,0,0,0,0,1,1,1,1,1,1,1,0,0,0,0,0,1,1,0,0,1,1,0
"665",0,0,0,1,0,1,0,1,0,0,1,0,0,0,0,0,0,1,1,0,1,0,1,0,1,1,1,0,0,0,1,1,0,0,0,0,0,0,1,1
"666",0,1,0,1,0,0,1,0,1,0,1,0,1,0,0,0,0,1,0,1,1,1,1,0,1,1,0,0,0,0,1,1,0,0,1,0,0,0,1,0
"667",1,1,0,0,0,1,0,1,0,1,0,0,1,0,0,0,1,1,1,1,1,1,1,1,1,1,1,0,0,0,0,0,1,0,1,1,0,0,1,0
"668",0,0,1,1,0,1,0,0,1,1,1,1,1,1,0,0,0,1,1,0,1,1,1,0,0,0,1,0,1,1,0,0,0,1,0,1,0,1,1,0
"669",1,1,0,1,0,1,0,1,0,1,0,1,0,0,0,0,1,1,0,0,0,1,1,0,1,0,1,1,1,0,0,0,0,1,1,1,0,1,1,0
"670",1,0,0,0,1,1,1,0,0,0,1,1,0,0,0,0,1,1,1,0,1,0,0,1,0,0,1,1,0,0,0,0,0,0,0,1,0,0,1,0
"671",0,0,0,1,1,1,1,1,0,1,1,1,0,1,1,1,1,0,1,0,0,1,0,0,1,0,1,0,1,1,0,0,0,0,0,1,0,0,0,0
"672",0,0,0,1,0,0,0,1,0,0,1,1,1,1,0,0,1,1,1,0,1,0,1,0,0,1,1,0,1,0,0,0,0,1,0,0,1,1,1,0
"673",0,1,0,1,0,0,1,0,0,0,1,1,1,0,0,0,1,1,0,0,1,0,1,1,0,0,0,0,0,0,0,1,0,1,1,0,0,1,1,1
"674",1,1,0,0,0,1,1,1,0,0,1,1,0,1,0,1,1,0,1,0,1,0,0,0,0,0,0,1,1,1,0,0,0,1,1,0,0,1,1,0
"675",1,1,0,1,1,1,0,0,0,0,1,1,1,0,0,0,1,0,1,0,1,1,1,0,1,0,0,1,0,0,0,0,0,1,0,0,0,0,1,1
"676",1,1,0,1,0,0,0,0,0,0,0,1,1,0,0,1,0,1,1,0,0,1,1,1,0,0,0,0,0,0,0,1,0,0,0,1,0,0,1,1
"677",0,1,0,1,1,1,1,0,1,0,0,1,1,1,0,1,1,0,1,0,1,0,1,0,1,0,1,0,1,1,0,0,0,0,0,0,0,0,1,1
"678",1,1,0,1,0,1,0,1,0,1,0,1,1,1,1,1,1,0,1,0,1,1,1,0,0,1,1,1,0,1,0,0,1,0,1,0,0,0,1,1
"679",0,1,0,0,0,1,1,0,0,0,0,0,0,0,1,0,1,0,1,1,1,1,1,0,0,0,0,1,0,0,1,0,0,0,1,0,0,0,1,0
"680",1,0,0,1,0,1,0,0,0,1,1,1,0,0,1,1,1,0,1,1,1,1,1,0,1,1,1,0,1,1,0,0,0,0,0,0,0,0,1,1
"681",0,1,0,1,0,0,1,0,0,0,1,1,1,0,0,0,1,0,0,1,1,1,1,0,0,0,1,1,1,0,0,0,0,1,1,1,0,1,1,1
"682",1,1,0,1,1,1,1,1,0,0,1,0,0,1,0,0,1,1,0,0,1,0,1,0,1,1,1,1,0,0,1,0,0,1,1,1,0,1,1,0
"683",1,1,0,1,0,1,0,1,0,0,0,0,0,0,0,0,0,1,1,0,1,1,1,0,0,1,1,1,0,1,0,0,0,1,0,0,0,1,1,1
"684",1,0,0,0,1,1,0,1,0,1,1,1,1,0,1,1,1,1,1,0,0,1,0,1,1,0,1,0,1,0,0,0,1,0,0,0,0,1,1,0
"685",1,1,0,1,0,0,1,0,0,1,1,1,0,0,1,0,0,0,1,1,1,0,1,0,1,1,1,1,1,0,1,0,0,1,0,0,0,1,1,1
"686",1,1,0,1,1,1,0,1,0,0,0,1,0,1,0,1,0,1,1,1,1,1,1,0,0,1,1,1,1,0,0,0,0,0,1,0,0,1,1,1
"687",0,1,0,1,0,1,0,0,0,1,1,0,0,0,0,0,1,1,1,1,1,1,1,0,1,1,1,1,1,1,0,0,0,0,1,1,0,0,1,0
"688",0,1,0,0,1,1,1,1,0,1,1,0,1,1,0,0,0,1,1,0,0,1,1,0,1,0,1,0,1,0,0,0,0,1,0,1,1,0,0,0
"689",0,1,0,1,0,1,1,1,0,0,1,1,0,1,0,1,1,0,0,0,1,1,1,0,0,1,1,0,0,0,0,0,0,1,1,1,1,1,1,0
"690",1,0,0,1,0,1,1,0,1,1,1,1,0,0,0,0,0,0,1,1,1,0,1,1,0,0,1,0,1,0,1,1,0,1,1,0,0,0,1,0
"691",0,1,0,1,0,1,1,1,0,1,1,1,0,0,0,1,1,1,1,0,1,1,1,0,1,1,0,0,0,0,0,0,0,1,1,0,0,1,1,1
"692",1,1,0,1,1,1,0,0,0,1,1,0,1,1,0,1,1,1,1,1,0,1,1,1,0,1,1,0,1,0,0,0,0,0,1,1,0,1,0,1
"693",1,1,0,1,0,1,1,0,1,0,1,1,0,0,0,0,0,0,1,1,0,1,1,0,1,1,1,0,1,1,0,0,0,0,0,0,0,0,1,0
"694",0,0,0,0,0,1,1,1,0,0,1,1,1,1,1,0,1,1,1,1,1,0,1,1,0,1,0,0,0,0,0,1,0,0,1,0,0,0,1,0
"695",1,0,0,1,0,0,1,0,0,0,0,1,0,0,0,1,0,1,0,1,0,1,0,0,1,1,1,1,0,1,0,0,0,0,1,1,0,1,1,1
"696",0,0,0,1,1,1,0,1,0,1,1,0,1,1,0,0,1,0,1,0,0,1,1,0,1,1,0,0,1,0,0,0,0,1,1,1,0,1,1,0
"697",0,1,0,1,0,0,0,0,0,0,1,1,0,1,0,1,1,1,1,0,1,1,1,0,0,0,1,1,0,0,1,0,0,0,1,0,1,0,1,0
"698",1,1,0,1,1,1,1,0,0,0,0,1,0,0,0,1,1,0,1,0,1,0,1,0,0,0,1,0,0,1,0,1,1,0,1,1,0,0,1,0
"699",1,0,1,1,0,1,0,0,0,1,0,1,1,1,1,0,1,0,1,0,1,1,1,0,0,1,1,1,0,0,0,1,0,1,1,0,0,0,1,1
"700",1,0,1,1,1,1,1,0,0,0,1,0,0,0,0,1,1,1,0,0,0,1,1,1,1,0,1,0,0,1,0,1,0,0,1,1,0,0,1,0
"701",1,0,0,1,1,0,1,1,0,0,1,0,1,0,0,1,1,1,1,1,1,0,1,0,1,1,1,1,1,1,0,0,1,1,0,0,0,0,1,1
"702",1,0,0,0,1,1,1,0,1,0,1,1,0,0,0,0,1,1,1,0,1,1,1,1,1,1,0,0,1,0,0,0,0,0,1,1,0,1,1,0
"703",1,1,0,0,0,1,0,1,1,0,1,1,1,0,0,0,1,1,1,0,1,1,1,0,1,1,0,1,1,0,0,0,0,1,1,1,0,1,1,0
"704",1,1,0,1,1,1,1,0,0,0,0,1,0,1,0,1,1,1,1,0,1,1,1,0,0,1,1,0,1,0,0,1,0,1,1,0,0,1,1,1
"705",0,1,0,1,1,1,1,0,0,0,1,1,1,1,1,1,1,1,1,0,0,1,1,0,0,1,0,0,0,0,0,1,0,0,1,0,0,1,1,1
"706",1,1,0,1,0,1,0,1,1,1,1,0,1,1,0,1,1,0,1,0,1,0,1,0,0,1,1,0,0,0,0,0,1,1,1,0,0,1,1,1
"707",1,1,0,0,0,1,0,0,0,0,1,1,0,0,1,1,1,0,1,0,1,1,1,0,0,1,1,0,1,0,0,1,0,0,0,0,0,1,1,1
"708",1,1,0,1,0,1,0,0,1,0,1,1,0,0,0,1,1,1,1,1,1,1,1,0,0,0,1,0,1,1,0,0,0,1,1,0,0,1,1,1
"709",1,1,0,1,0,1,0,1,0,1,1,1,0,0,0,0,0,1,1,1,0,1,0,1,1,0,1,1,0,1,0,0,0,0,1,1,0,0,1,0
"710",0,1,0,0,0,1,0,1,0,0,1,0,1,1,0,0,1,1,1,1,1,0,1,0,0,1,1,0,0,1,0,0,1,0,1,0,0,0,1,0
"711",1,0,0,0,0,1,1,0,0,0,1,0,0,0,1,1,1,1,1,1,1,0,1,0,1,1,0,1,1,0,0,1,0,1,1,0,1,1,1,0
"712",1,0,0,0,0,1,1,0,0,0,1,0,0,1,0,0,0,1,1,1,1,1,1,1,0,1,1,0,0,0,1,0,0,1,1,1,0,1,1,0
"713",1,1,1,1,0,1,1,0,0,0,1,0,1,0,0,0,1,0,1,1,1,1,1,1,1,0,1,0,0,0,1,0,0,0,1,0,0,0,1,0
"714",1,0,0,0,1,1,0,0,1,0,0,1,1,1,0,0,1,0,1,1,1,1,1,0,1,1,0,1,0,0,1,0,0,1,1,0,0,1,1,0
"715",1,1,1,0,0,1,0,1,1,0,0,1,0,1,0,0,1,1,1,0,1,1,0,1,0,1,1,0,0,0,0,1,0,0,1,0,0,0,1,1
"716",0,1,0,1,0,0,1,0,0,0,1,0,0,1,0,0,0,1,1,0,1,0,1,1,0,0,1,1,0,0,0,0,0,0,1,0,0,1,1,0
"717",1,0,0,1,0,1,1,1,0,0,0,1,0,1,0,1,1,0,1,0,0,1,1,0,1,1,1,1,0,0,0,0,0,1,1,1,0,1,1,0
"718",1,1,0,0,0,1,1,0,0,0,0,0,1,0,1,0,0,0,1,1,1,0,1,1,1,0,0,0,0,1,0,0,0,0,1,0,0,0,1,0
"719",0,1,1,1,1,0,1,1,0,0,1,1,0,1,0,0,1,0,0,0,1,1,1,0,0,1,0,1,0,0,1,1,1,0,1,0,0,0,1,0
"720",0,0,1,1,0,0,0,0,1,1,0,1,1,0,0,0,1,0,1,1,1,0,1,0,0,1,0,1,0,0,0,0,0,1,1,1,0,1,1,0
"721",0,0,0,1,0,1,1,0,1,0,1,1,0,1,0,0,0,1,1,1,1,0,1,0,1,1,0,1,1,1,0,0,0,1,0,0,0,0,1,1
"722",0,1,0,1,0,0,0,0,0,1,1,0,0,0,0,1,1,1,1,1,1,1,1,0,0,1,1,0,1,1,0,1,0,1,0,0,0,0,1,1
"723",1,0,0,1,1,1,0,0,1,1,1,1,1,0,0,0,1,1,1,1,1,1,1,0,1,0,0,1,0,1,0,0,1,0,1,0,1,1,1,1
"724",1,0,0,1,0,1,1,1,0,0,1,1,0,1,0,1,1,1,1,0,1,0,1,0,1,0,0,1,0,1,1,0,0,1,1,1,0,1,1,0
"725",0,1,0,1,1,0,1,1,0,1,0,0,1,0,0,0,1,1,1,1,1,1,1,0,0,0,1,1,1,1,0,0,0,1,1,0,0,1,1,0
"726",0,0,0,1,1,1,1,1,1,0,1,1,1,0,0,0,1,0,1,1,1,1,1,0,1,0,1,1,1,0,0,0,0,1,1,1,0,0,1,1
"727",1,0,0,1,1,0,0,0,0,0,1,0,0,1,0,0,0,1,0,1,1,1,1,1,1,0,1,0,1,0,0,0,0,1,0,1,0,0,1,1
"728",1,1,0,1,1,1,0,0,1,0,1,1,1,0,0,1,1,1,1,0,1,1,1,0,1,1,1,1,1,0,1,1,0,0,0,0,0,1,1,1
"729",1,1,0,0,1,1,1,1,0,1,0,0,0,1,0,0,1,0,0,1,1,1,1,0,0,1,1,0,0,1,1,1,1,1,1,1,0,1,1,1
"730",0,0,0,0,1,0,1,1,0,0,1,0,0,0,1,0,1,0,1,0,0,1,1,1,1,1,0,0,0,0,1,1,0,1,1,0,1,1,1,1
"731",0,0,0,1,1,1,1,0,1,0,1,1,0,1,0,0,0,0,1,0,1,1,1,0,1,1,1,1,0,1,1,1,0,1,0,1,0,1,1,1
"732",1,1,0,0,1,1,0,1,0,1,1,0,0,1,0,1,1,0,1,1,0,1,1,0,1,1,0,1,0,1,0,0,0,0,0,1,1,0,1,1
"733",1,1,0,1,0,1,0,0,0,0,0,1,0,1,0,0,0,1,1,0,1,1,0,0,1,1,0,1,1,0,0,0,0,0,0,1,1,0,1,1
"734",0,1,0,0,0,0,1,0,0,1,1,0,1,0,0,1,1,1,0,0,1,1,1,0,0,1,1,1,0,1,0,0,0,1,1,0,0,0,1,0
"735",1,1,0,0,1,1,1,1,0,1,1,0,0,1,0,1,1,1,1,0,1,0,1,0,0,1,1,1,1,0,0,0,0,0,1,1,0,1,1,1
"736",1,1,0,1,0,1,0,0,0,0,1,1,0,1,1,1,1,1,1,1,1,0,1,0,1,1,1,1,1,0,0,1,0,1,1,1,0,1,1,1
"737",0,0,1,0,0,1,0,1,1,1,0,0,1,0,0,0,1,1,0,0,1,0,1,0,0,1,1,0,0,1,0,1,0,0,0,1,0,0,1,1
"738",1,0,0,0,0,0,1,1,0,0,1,1,0,0,0,0,1,0,1,0,1,0,0,0,0,1,0,0,0,0,0,1,0,1,1,0,0,1,1,0
"739",1,1,0,0,1,1,1,1,0,1,1,0,0,1,0,1,1,1,1,1,1,1,1,0,1,1,1,0,0,1,1,0,1,1,1,0,0,1,1,1
"740",1,1,0,1,0,0,0,0,1,0,0,0,0,0,0,0,0,1,1,1,1,1,1,1,1,1,1,0,1,1,0,1,0,1,1,0,0,0,0,1
"741",0,1,0,1,0,0,1,0,0,0,1,0,1,0,1,1,0,1,1,0,0,0,1,1,0,1,1,0,0,0,0,0,0,0,1,1,0,0,1,1
"742",1,1,0,1,1,1,1,1,1,0,1,1,1,0,0,1,1,1,1,1,1,0,1,0,0,1,1,0,1,0,0,0,1,0,0,0,0,0,1,1
"743",1,1,0,1,1,1,1,1,0,0,1,0,0,0,0,1,1,1,1,1,1,0,1,1,1,0,1,1,1,1,1,0,0,1,1,1,0,0,1,1
"744",1,0,0,1,1,0,1,1,0,0,1,0,1,0,0,0,1,1,0,1,0,0,0,1,1,1,1,1,0,0,0,0,0,0,0,0,0,1,1,0
"745",1,0,0,1,1,1,0,0,0,0,1,1,1,1,0,0,1,0,1,0,1,0,1,1,1,0,1,0,1,0,0,1,1,1,1,1,0,0,1,1
"746",1,1,0,0,1,1,1,1,0,0,1,1,1,1,0,1,0,1,1,0,0,1,1,1,1,1,1,1,0,0,0,1,1,1,0,0,1,0,1,0
"747",1,1,0,1,0,1,1,1,0,0,0,1,1,1,0,0,0,1,1,1,0,1,1,0,1,1,1,1,1,0,0,0,0,0,0,1,0,0,1,1
"748",1,1,0,0,1,1,0,1,0,0,0,1,1,0,0,0,0,1,1,1,1,0,0,0,0,0,1,0,0,0,1,0,0,1,1,1,0,0,1,1
"749",1,1,0,0,1,1,1,0,0,1,1,1,0,1,0,0,0,0,1,0,0,1,1,0,0,1,1,0,0,1,0,0,0,1,1,0,1,1,1,0
"750",0,1,0,1,0,1,1,1,0,0,0,0,1,0,0,1,1,1,1,0,1,1,1,1,1,1,1,0,0,0,0,0,0,1,0,0,1,0,1,1
"751",1,1,0,1,1,1,1,1,0,0,1,1,0,0,1,1,1,0,0,1,1,0,0,0,0,0,0,1,0,0,0,0,0,1,1,0,0,1,1,1
"752",1,1,0,0,0,0,1,1,0,1,0,0,1,0,0,1,1,0,1,1,0,1,0,0,0,1,1,0,0,1,0,1,0,0,1,0,0,0,1,1
"753",0,0,0,0,0,0,0,0,0,0,1,1,1,0,0,0,1,1,0,0,1,1,1,1,1,0,1,0,1,0,0,0,0,1,1,0,0,0,1,0
"754",1,0,0,0,0,1,1,0,0,1,1,0,0,1,0,0,0,0,1,1,0,1,1,0,1,1,1,1,1,1,0,1,0,0,1,0,1,0,1,1
"755",1,1,0,1,0,1,0,1,0,0,1,1,0,0,0,0,1,1,1,1,0,0,1,0,0,0,1,1,0,1,0,0,0,1,0,0,0,1,1,1
"756",1,1,0,1,0,1,0,0,0,1,1,1,0,1,0,0,1,1,1,1,0,1,1,1,0,1,0,0,1,1,0,0,0,1,1,1,0,1,1,1
"757",1,0,0,1,0,1,1,0,0,0,1,1,0,0,0,0,1,1,1,1,1,1,1,0,1,1,0,0,0,0,0,0,0,1,0,1,0,0,1,0
"758",1,0,0,1,0,0,1,0,1,0,1,1,1,0,0,1,1,0,1,1,1,1,1,0,1,1,0,1,0,0,0,0,0,1,0,0,0,1,0,1
"759",0,1,0,1,1,1,1,0,0,0,1,1,0,1,0,0,1,0,0,0,0,1,1,0,1,1,1,0,0,1,0,1,1,1,1,0,0,0,1,0
"760",1,1,0,1,0,1,1,1,0,0,0,1,0,0,0,1,1,1,1,0,1,0,1,0,1,1,1,0,0,0,0,0,0,0,0,1,0,0,1,1
"761",1,1,0,0,0,0,0,0,0,0,0,0,0,0,0,1,1,1,0,0,1,1,1,0,1,0,1,0,1,0,1,0,0,1,1,1,0,0,1,1
"762",1,0,0,1,1,0,0,1,0,0,1,1,0,1,0,1,0,1,0,0,1,1,0,0,1,1,1,1,1,1,0,0,0,0,0,0,0,1,1,0
"763",1,0,1,1,0,1,1,0,0,0,0,1,0,0,0,1,0,1,1,0,1,0,1,0,1,0,1,0,1,1,1,0,1,1,0,0,0,0,1,0
"764",1,0,0,1,1,0,0,1,0,0,1,0,1,1,0,0,1,1,1,0,1,1,1,0,1,0,0,0,0,1,0,1,1,0,1,1,0,0,1,1
"765",1,0,0,1,0,1,0,0,0,0,0,0,1,0,0,1,0,0,1,0,1,1,1,1,1,0,1,1,1,0,0,1,0,0,1,0,0,0,1,0
"766",1,1,0,1,1,1,0,1,0,0,1,1,1,1,0,0,0,1,1,0,0,1,0,0,0,1,1,0,0,0,1,1,0,1,0,0,0,0,1,1
"767",1,1,0,0,0,0,1,0,0,0,1,1,1,1,0,0,0,1,1,1,0,0,1,1,1,1,1,1,0,1,0,0,0,1,0,0,0,0,1,1
"768",1,1,0,1,1,0,1,0,0,1,1,1,1,1,1,0,1,0,1,1,1,0,1,0,1,1,0,1,1,0,1,0,0,1,1,1,1,0,1,1
"769",1,1,0,0,1,1,0,1,0,1,1,0,1,1,0,1,0,1,1,0,1,1,1,0,1,1,1,0,1,0,0,1,0,1,1,0,0,1,1,0
"770",1,1,0,0,0,1,0,0,0,0,0,0,1,0,0,1,1,0,1,0,1,1,1,1,0,1,1,1,0,1,0,0,1,0,0,1,0,0,1,0
"771",0,1,0,0,0,1,0,0,0,0,1,0,0,0,1,1,0,1,1,0,0,1,1,0,0,0,1,0,0,0,1,0,0,1,1,0,0,0,1,1
"772",1,1,1,1,1,0,1,0,0,1,1,0,0,0,1,1,1,1,1,0,1,0,1,0,0,0,1,0,1,1,0,1,1,0,1,0,0,1,1,1
"773",1,1,0,0,1,1,1,0,0,1,1,0,0,1,0,1,1,1,1,0,1,1,1,0,1,1,1,1,1,1,0,0,0,0,1,0,0,0,1,1
"774",0,1,0,1,1,0,1,1,0,0,1,1,0,0,0,1,0,1,1,0,1,1,1,1,1,1,1,1,0,1,0,1,0,0,1,1,0,0,1,1
"775",0,0,0,1,1,0,0,1,1,0,1,0,1,0,0,0,1,1,1,1,1,1,1,0,0,0,1,1,1,1,1,0,0,0,1,1,0,0,1,0
"776",0,1,0,0,0,1,1,1,1,0,0,1,0,1,0,1,1,0,1,0,0,1,0,1,0,1,1,0,0,0,0,1,0,1,1,0,1,1,1,0
"777",0,1,0,1,0,0,1,1,0,0,0,1,1,1,0,1,1,1,0,0,1,0,1,0,1,0,1,1,1,1,1,0,0,1,1,1,1,0,1,0
"778",1,1,0,0,0,1,1,1,1,0,1,1,1,0,0,0,1,1,0,0,1,0,0,0,0,1,0,1,0,0,0,1,0,1,1,0,0,1,1,1
"779",0,1,0,1,0,0,1,0,1,0,1,0,1,0,0,0,0,1,1,0,1,1,1,1,0,1,1,1,0,1,0,0,1,1,1,1,1,0,1,0
"780",1,1,0,0,0,1,1,0,0,0,1,0,0,1,0,1,1,1,1,0,1,0,1,1,0,0,1,0,0,1,0,1,1,1,0,1,1,1,1,0
"781",1,1,0,0,0,0,0,1,0,0,0,0,0,0,0,1,1,0,1,1,1,1,0,0,1,1,1,1,0,1,0,1,0,1,0,1,0,1,1,0
"782",1,1,0,1,0,1,1,1,0,0,1,1,0,0,0,0,1,0,1,1,1,1,1,1,1,1,0,0,0,0,0,1,1,0,0,0,1,0,1,0
"783",0,0,0,1,0,1,1,0,0,0,0,1,1,0,0,0,1,1,0,0,0,1,1,1,1,1,1,0,1,1,0,0,1,0,1,1,1,0,1,1
"784",1,1,0,1,0,0,0,1,0,0,1,1,1,0,0,1,1,0,1,1,1,1,1,0,0,1,1,0,0,1,0,1,0,0,1,0,0,0,1,0
"785",1,1,0,1,0,1,0,1,0,0,1,0,0,0,0,0,1,1,1,0,1,1,1,0,1,1,1,0,0,0,0,0,0,1,1,0,0,1,1,1
"786",0,0,0,1,0,1,1,1,0,0,1,0,0,0,0,1,1,1,1,0,0,1,1,0,1,1,0,1,1,1,0,0,0,0,0,0,0,1,1,1
"787",1,1,0,1,0,0,1,1,0,0,1,0,1,0,0,1,1,0,1,0,1,0,1,0,1,0,1,0,0,0,0,0,0,1,0,1,0,0,1,0
"788",1,0,0,1,1,1,1,1,0,0,1,0,0,1,0,1,1,1,0,0,0,1,1,0,0,1,1,0,1,0,0,0,0,0,1,0,0,0,1,1
"789",0,0,1,1,1,0,1,1,1,1,1,1,0,0,0,0,1,1,1,1,1,1,1,0,1,0,1,1,0,0,1,1,0,1,1,1,1,0,1,1
"790",0,0,0,1,0,1,1,0,0,0,0,0,1,0,0,1,1,0,1,0,1,0,1,0,1,1,1,0,1,1,1,1,1,1,0,0,0,0,1,1
"791",1,0,0,0,0,0,1,0,0,0,1,0,1,0,0,0,1,0,0,0,1,1,1,0,0,0,0,0,0,1,0,1,0,0,1,1,0,1,1,0
"792",1,1,0,0,0,0,1,0,1,0,1,1,0,1,0,1,0,0,1,1,1,1,0,0,0,0,1,0,1,0,0,0,0,0,0,0,1,1,1,0
"793",1,1,0,1,1,1,1,1,0,0,1,1,0,1,0,0,1,0,1,0,1,1,0,0,1,1,0,0,0,1,0,0,0,0,0,0,0,1,1,1
"794",1,0,1,1,0,0,0,1,0,0,0,1,0,1,0,0,0,1,1,1,1,1,1,0,0,0,1,0,1,1,0,0,0,1,1,0,0,0,1,1
"795",0,1,1,1,0,1,0,0,1,0,0,1,0,0,0,1,1,1,0,0,1,1,1,0,1,0,1,1,0,1,0,0,0,0,1,0,0,0,1,1
"796",1,0,0,1,1,0,0,1,0,1,1,0,1,1,0,0,0,1,1,0,1,0,1,0,0,0,1,1,1,0,0,0,0,1,1,0,1,1,1,1
"797",0,0,0,0,0,0,0,0,1,0,1,0,1,1,0,0,0,1,0,0,1,1,1,0,0,0,1,1,0,0,0,1,0,0,0,1,0,1,1,0
"798",1,0,0,1,0,0,1,1,0,0,1,1,1,1,0,1,1,1,1,1,1,1,1,1,1,0,0,1,0,0,0,1,0,0,1,0,0,1,1,0
"799",1,1,0,1,0,1,0,0,0,1,1,1,0,1,0,0,1,1,0,1,1,0,1,0,1,1,1,0,1,0,0,0,0,1,1,0,0,0,1,0
"800",0,0,0,1,0,1,1,1,0,1,1,1,1,1,1,1,1,0,1,0,0,1,1,1,0,1,1,0,1,1,0,1,0,0,1,0,0,1,1,1
"801",0,0,0,1,1,1,1,0,0,0,0,0,0,0,0,0,1,0,1,0,1,1,1,0,0,1,1,1,1,1,0,0,0,1,0,1,0,1,1,0
"802",1,0,0,0,0,1,0,0,0,0,0,1,0,1,0,0,1,0,1,1,1,1,1,1,0,1,0,0,1,0,0,0,0,1,0,0,0,1,1,0
"803",1,1,0,1,1,1,0,0,0,0,0,0,0,1,0,0,1,0,1,0,1,1,1,1,1,1,1,1,1,0,1,1,0,0,1,1,0,0,0,1
"804",1,0,0,1,1,1,1,0,1,0,1,0,0,1,0,1,1,0,1,0,0,1,1,1,1,1,0,1,1,0,1,1,0,1,1,0,0,0,1,0
"805",1,1,0,1,1,0,1,1,0,0,1,0,0,0,0,1,1,1,1,0,1,0,0,0,1,0,1,0,1,0,0,0,0,0,0,1,0,0,1,1
"806",0,1,0,1,0,0,0,0,0,1,1,1,0,0,0,0,0,1,0,1,0,1,1,0,0,1,1,1,1,0,0,1,0,1,0,1,0,1,1,1
"807",1,1,0,1,0,1,1,0,0,0,1,1,0,1,0,0,0,1,1,1,1,1,1,0,0,0,1,1,1,0,0,1,0,1,1,0,0,0,1,1
"808",1,1,1,0,1,1,1,1,0,0,1,0,0,1,1,0,1,0,1,1,0,1,1,1,1,1,1,0,0,1,1,1,1,0,0,0,1,1,1,1
"809",1,0,0,1,0,1,1,0,0,0,0,1,0,0,0,0,1,1,1,1,0,1,1,0,0,1,1,0,1,0,0,0,0,0,1,0,0,0,1,0
"810",1,1,0,1,1,1,0,0,0,0,1,0,0,1,1,1,1,0,0,0,1,1,1,0,1,0,1,1,0,1,0,0,0,1,1,1,0,1,0,0
"811",0,0,0,0,0,1,1,1,1,0,1,0,0,1,0,1,1,0,0,1,1,1,1,0,1,1,1,0,0,1,1,1,0,1,1,0,0,0,1,1
"812",1,0,0,0,1,1,0,1,0,1,1,0,0,1,0,1,1,1,1,0,1,1,1,0,1,1,1,0,0,0,0,0,0,1,1,0,0,0,1,0
"813",0,1,0,1,0,1,1,1,0,0,0,0,1,1,0,1,1,1,0,1,1,0,0,0,1,1,1,0,1,1,0,0,0,0,0,1,0,1,1,1
"814",1,0,0,0,1,1,1,1,0,0,1,0,1,0,1,0,1,1,1,0,1,0,1,0,1,0,1,0,0,0,0,1,0,0,1,0,0,0,0,1
"815",1,0,0,0,0,1,0,0,0,0,0,0,0,1,0,0,1,0,1,1,0,1,0,0,0,1,1,0,0,1,0,0,0,1,0,0,1,1,1,1
"816",1,1,0,1,0,1,1,0,0,0,1,0,0,0,0,0,0,1,1,1,1,0,1,0,1,0,0,0,1,1,0,1,0,1,0,0,0,1,1,1
"817",1,1,0,0,0,0,1,0,0,0,0,1,1,1,0,0,1,0,1,1,1,1,1,0,1,1,0,1,0,1,0,1,0,1,1,0,0,1,1,1
"818",1,1,1,0,0,1,1,0,0,0,1,1,0,1,0,1,0,0,1,0,0,1,1,0,0,1,0,1,1,1,0,1,0,0,0,0,0,0,1,1
"819",1,1,0,1,0,1,0,1,0,0,1,0,0,1,0,0,1,0,0,0,1,0,1,0,0,1,0,0,1,0,0,0,0,1,1,1,0,0,1,0
"820",0,1,0,1,1,1,1,0,0,0,1,1,1,0,0,1,1,0,1,1,1,0,1,0,1,0,1,0,0,0,1,0,0,1,0,1,0,1,1,0
"821",1,0,0,1,0,1,1,0,1,1,0,1,0,0,1,0,1,1,1,1,1,0,1,0,0,0,1,1,1,0,0,0,0,1,1,0,1,0,1,0
"822",1,1,0,0,0,1,1,1,0,1,1,1,1,0,0,0,0,1,0,0,0,0,1,0,0,1,1,0,0,0,0,0,0,1,1,0,0,0,1,0
"823",0,0,0,1,1,0,1,1,0,0,0,0,0,1,0,0,1,0,1,1,1,1,1,1,0,0,1,0,1,0,1,0,0,1,1,0,0,1,1,0
"824",0,1,0,0,1,1,1,0,0,0,1,1,0,0,0,0,1,1,1,0,1,1,1,1,1,1,1,0,0,0,0,0,0,0,1,1,0,1,1,0
"825",1,0,0,0,1,0,1,0,0,0,1,1,1,1,0,0,1,1,0,1,1,1,1,1,0,0,1,0,0,0,1,1,1,1,1,0,0,1,1,0
"826",1,1,1,0,1,0,1,0,0,1,1,1,1,1,0,0,1,0,1,1,1,0,1,0,1,0,1,0,1,0,0,0,0,0,1,0,0,1,1,1
"827",0,1,0,1,1,1,1,0,0,1,1,1,0,0,0,0,0,1,1,1,1,1,1,0,0,1,1,0,0,0,0,0,0,1,0,0,0,1,1,1
"828",1,1,0,0,0,0,0,1,0,0,1,0,1,0,0,0,1,0,1,0,1,1,0,1,0,1,1,1,0,0,1,1,0,0,1,0,0,0,1,0
"829",1,0,0,0,1,1,0,1,1,0,0,0,0,1,0,0,1,1,1,0,1,0,1,1,1,1,1,0,1,1,0,0,0,1,1,1,0,1,1,1
"830",1,0,0,1,0,0,1,1,1,0,1,0,0,0,0,1,1,0,0,0,0,1,1,1,0,1,1,0,0,1,0,0,0,1,0,1,1,0,1,0
"831",1,1,0,0,0,1,0,1,0,0,0,1,1,1,0,1,1,1,1,0,0,0,1,1,0,0,1,0,0,0,1,0,0,0,0,0,0,1,1,1
"832",0,1,1,0,0,1,0,0,0,0,1,0,1,0,0,1,0,0,1,0,0,1,1,0,1,1,1,1,1,1,0,1,0,1,0,0,0,1,1,0
"833",1,1,0,1,0,1,0,1,1,1,0,1,0,0,1,1,1,1,1,0,1,1,1,0,1,0,1,0,1,0,0,0,1,0,1,1,0,1,1,0
"834",1,0,0,1,1,0,0,0,0,0,1,1,1,0,0,0,0,0,1,0,1,1,1,0,0,1,1,0,1,1,0,1,0,0,1,1,0,1,1,1
"835",0,0,0,0,0,0,0,1,0,0,1,1,1,1,0,0,1,1,1,1,0,0,0,0,0,1,1,1,1,0,0,0,1,0,0,0,0,1,1,1
"836",1,1,0,0,1,0,1,0,0,0,0,0,0,1,0,0,0,0,1,0,1,0,1,0,0,1,0,1,0,1,0,1,0,0,1,1,0,1,1,0
"837",1,1,0,1,1,1,1,1,0,0,1,1,0,1,0,1,0,0,1,1,1,0,1,0,1,1,0,0,1,1,1,1,0,1,0,0,0,1,1,1
"838",1,0,0,1,1,1,0,1,0,0,1,1,0,0,0,0,1,1,0,1,1,0,1,0,1,0,0,0,0,1,1,0,0,0,1,0,1,1,1,0
"839",1,0,0,1,1,1,1,1,0,0,1,0,0,0,0,1,1,1,1,0,1,1,1,0,0,1,1,0,1,0,1,0,0,0,1,1,1,1,1,1
"840",1,0,0,0,0,0,1,1,0,0,0,0,1,1,0,1,0,1,1,0,1,1,1,0,0,0,1,0,1,0,0,0,0,0,0,1,0,1,1,1
"841",1,1,0,1,1,1,0,1,0,0,1,0,1,1,1,0,1,0,1,1,0,0,0,0,0,0,1,0,0,0,1,1,1,0,1,1,0,0,1,1
"842",1,1,0,0,0,1,1,1,1,1,0,1,1,1,0,0,0,0,1,0,1,1,1,1,0,0,1,0,0,0,0,1,0,0,1,1,1,0,1,0
"843",0,1,0,0,1,1,0,0,0,1,0,0,0,1,0,1,1,1,1,0,1,1,1,0,1,0,0,0,0,0,0,0,1,0,1,1,0,0,1,0
"844",0,0,0,1,1,1,1,0,0,0,1,1,0,1,0,0,0,0,1,1,1,0,1,1,1,1,0,1,0,1,0,1,0,1,1,1,0,1,1,1
"845",1,0,0,0,0,1,1,1,0,1,1,0,0,1,0,1,1,1,1,1,0,1,1,0,0,0,1,1,0,1,0,0,0,1,1,0,0,1,0,0
"846",0,0,0,1,0,0,1,0,0,1,1,0,0,0,0,1,1,0,1,1,1,1,1,0,1,1,1,1,1,0,0,1,0,1,0,0,0,1,1,0
"847",0,1,0,0,1,0,1,1,0,0,1,0,1,0,0,1,1,0,1,1,0,0,1,0,0,1,1,1,0,1,0,1,0,1,0,0,0,0,1,1
"848",0,0,0,0,0,0,1,0,0,0,1,0,1,1,0,1,1,1,1,1,1,0,1,0,0,0,1,0,1,1,0,0,0,0,1,0,0,0,1,0
"849",1,0,0,0,0,0,0,1,0,0,1,0,0,1,0,0,1,0,0,0,1,1,0,0,1,1,1,0,1,0,1,0,0,1,1,1,0,0,1,0
"850",0,0,0,1,1,1,0,0,0,0,0,0,0,0,0,0,1,0,1,0,1,0,1,0,1,0,0,1,1,0,0,0,0,1,0,0,0,0,1,1
"851",1,1,0,1,1,0,0,1,0,0,0,0,1,1,0,1,1,0,1,0,1,1,1,0,1,1,0,1,0,1,1,1,0,1,0,0,0,1,1,1
"852",0,1,0,0,1,0,1,0,0,0,1,0,1,1,0,1,1,1,1,1,1,1,1,0,1,0,1,0,0,1,0,0,0,1,0,1,0,0,1,1
"853",0,1,0,1,1,1,1,0,0,1,0,0,0,1,0,0,1,1,1,1,0,1,1,0,1,0,0,0,1,0,0,0,0,0,1,0,0,0,1,0
"854",1,0,0,1,1,1,0,0,0,1,1,1,1,0,0,1,1,0,1,0,1,1,1,1,1,1,1,1,1,0,0,0,1,1,0,0,0,0,1,1
"855",1,0,0,1,0,1,0,1,0,0,0,0,1,1,0,0,0,0,1,0,1,0,1,1,1,1,0,0,0,1,0,0,0,0,0,0,0,1,1,1
"856",0,0,1,0,0,0,0,0,0,0,1,1,0,0,0,0,1,0,0,1,1,1,1,1,1,0,1,1,0,0,0,1,1,1,0,0,0,1,1,1
"857",0,0,0,1,1,0,1,1,0,0,1,1,0,0,0,0,1,0,1,1,1,1,1,0,1,0,0,0,0,1,1,1,1,0,0,1,1,1,1,1
"858",0,1,0,0,0,1,1,1,0,0,0,1,0,0,0,1,0,0,1,0,0,0,1,1,1,1,1,1,0,0,0,0,0,1,0,1,1,0,1,1
"859",1,0,0,0,1,0,0,0,0,0,1,1,1,1,1,1,1,1,0,1,1,1,1,0,0,0,1,1,1,0,0,0,0,1,1,1,0,0,1,0
"860",0,1,0,0,0,1,0,1,0,1,1,0,0,1,1,0,1,0,1,0,1,0,1,0,1,1,0,0,1,1,0,0,0,0,1,0,0,1,1,0
"861",0,0,0,1,1,1,1,1,0,0,1,1,0,0,0,1,1,0,1,0,1,1,0,1,1,1,1,1,1,1,0,0,0,0,0,0,0,1,1,0
"862",1,1,0,1,1,1,0,0,0,0,0,1,0,1,0,1,1,0,1,1,1,1,1,0,1,1,0,1,0,0,0,0,0,1,0,0,0,0,1,1
"863",1,1,1,1,0,1,1,0,0,0,0,0,0,0,0,1,1,0,1,1,0,0,1,0,0,1,0,0,1,0,0,0,1,0,1,0,0,0,1,1
"864",1,0,0,1,1,1,1,1,1,1,0,1,1,0,0,0,0,1,1,1,1,0,0,1,0,1,1,0,1,0,0,0,0,1,0,0,0,0,1,1
"865",1,1,0,0,0,1,1,0,0,0,0,0,0,0,0,1,1,1,1,0,1,1,1,0,0,1,0,0,0,1,0,0,0,0,0,1,0,1,1,1
"866",0,0,0,1,0,1,1,0,1,0,1,1,0,1,0,1,1,1,1,0,1,0,0,0,1,1,0,1,1,0,0,1,0,1,0,0,0,1,1,1
"867",1,1,0,1,0,1,1,1,0,0,1,1,0,0,0,1,1,0,0,1,0,1,1,1,0,0,0,0,1,1,0,0,0,0,0,1,0,1,1,0
"868",1,1,0,1,0,1,0,1,0,0,0,1,0,1,0,1,1,0,1,0,0,1,1,0,1,1,1,0,1,0,0,1,0,0,0,1,0,0,1,1
"869",1,1,0,0,0,1,1,0,1,1,1,1,1,0,0,0,0,1,1,1,1,0,1,0,0,0,0,0,0,0,0,0,0,0,0,0,0,0,1,1
"870",1,1,0,0,1,1,1,0,0,0,1,0,0,1,1,0,1,1,1,1,1,1,1,0,1,1,0,1,1,1,0,1,0,1,1,1,0,1,1,0
"871",1,1,0,1,0,1,1,0,0,0,1,1,1,1,0,1,0,1,0,0,0,1,1,1,1,1,1,1,0,0,0,0,1,1,0,0,0,0,1,0
"872",0,1,0,0,1,0,0,0,1,1,1,0,0,0,0,0,1,1,1,0,0,0,1,0,1,1,0,1,0,1,0,0,0,0,1,0,0,0,1,1
"873",0,1,0,1,0,1,1,1,0,1,1,1,1,1,0,0,0,0,1,1,0,0,1,0,1,0,1,1,0,0,0,0,1,0,0,1,0,1,1,0
"874",1,0,0,1,0,0,0,0,0,0,0,1,1,1,0,1,1,1,1,0,0,0,1,0,1,1,0,0,0,0,1,0,0,0,1,1,0,0,1,1
"875",1,0,1,1,0,0,0,0,0,0,1,0,0,1,0,0,1,1,0,1,1,0,1,0,1,1,1,0,0,0,0,0,0,1,1,1,0,1,1,1
"876",1,0,0,1,0,1,1,1,0,1,1,1,1,1,0,1,1,1,1,1,1,1,1,0,1,1,1,0,0,0,0,0,1,1,1,0,0,0,1,0
"877",1,1,1,1,1,0,1,1,0,0,0,1,1,1,0,1,1,1,1,0,0,1,1,0,0,1,0,0,0,0,1,1,0,1,0,0,0,0,1,1
"878",0,1,0,0,0,1,1,1,0,0,1,0,1,0,1,1,1,1,1,1,1,1,1,0,1,1,0,1,1,0,1,0,0,0,0,1,0,0,1,1
"879",0,1,1,0,1,1,0,0,0,0,0,1,0,1,0,0,1,0,0,0,0,0,1,1,1,0,0,0,0,1,0,0,1,0,0,1,0,0,1,1
"880",1,1,0,1,0,1,1,1,1,0,0,0,1,0,0,1,1,1,1,0,1,1,1,0,1,0,1,0,0,1,0,1,0,1,1,1,0,1,1,1
"881",1,0,0,0,1,1,1,0,1,0,1,0,0,0,0,0,1,0,1,1,0,0,1,0,0,0,1,1,1,1,0,1,1,1,1,0,0,1,1,1
"882",1,0,0,1,0,1,1,0,0,0,1,1,0,1,0,1,1,1,1,1,0,1,0,0,1,1,1,0,0,0,0,0,0,1,1,0,0,1,1,0
"883",1,0,0,1,0,0,0,0,1,0,1,0,1,1,0,0,1,1,1,1,1,0,1,1,0,1,1,0,0,1,0,0,0,0,0,0,0,0,1,1
"884",0,0,0,1,1,1,0,0,0,1,0,1,1,0,0,1,1,0,0,0,1,1,1,0,0,0,1,0,1,1,0,0,0,0,1,0,0,0,1,1
"885",1,1,0,1,1,1,0,0,0,1,1,0,1,0,0,1,1,0,1,1,0,1,1,0,0,1,0,1,1,1,0,0,0,0,1,1,0,1,1,1
"886",1,0,1,1,1,1,1,1,0,0,1,1,0,1,0,1,1,1,1,1,0,1,1,0,1,0,0,0,0,0,0,0,0,1,1,1,0,0,1,1
"887",1,0,0,1,0,1,1,0,1,0,1,0,0,1,0,1,1,1,1,1,1,0,1,0,0,1,1,0,0,1,0,0,1,0,0,0,0,1,1,0
"888",1,1,0,1,0,0,1,1,0,0,1,1,0,0,0,1,1,1,1,0,1,1,1,1,1,1,1,0,0,0,0,1,0,0,1,0,1,1,1,0
"889",1,1,0,0,0,1,1,0,0,0,0,0,1,0,0,1,0,0,1,1,1,0,0,0,0,1,0,1,0,1,0,0,0,1,1,1,0,1,1,1
"890",0,1,0,1,1,0,1,1,1,1,1,1,1,0,0,1,0,1,1,0,1,1,1,0,1,0,0,1,0,1,0,0,0,0,0,1,0,1,1,1
"891",0,0,0,1,0,1,0,1,0,0,1,0,1,1,0,1,0,1,1,0,0,0,1,0,0,1,1,0,1,1,0,0,1,0,0,0,0,0,1,0
"892",1,0,0,1,1,0,0,1,0,1,0,1,0,0,0,1,0,1,1,1,0,1,1,0,1,0,0,1,1,0,0,0,1,0,1,0,0,1,1,0
"893",0,1,0,0,0,1,1,0,0,1,1,0,1,0,0,0,1,1,1,1,1,1,1,0,1,0,1,0,0,0,0,1,0,0,0,1,0,1,1,1
"894",0,0,0,1,1,1,1,0,1,0,1,0,1,0,0,1,1,1,1,0,0,1,1,0,0,0,0,0,0,1,0,1,0,1,0,0,1,1,1,1
"895",1,0,0,0,0,1,0,1,0,0,1,0,1,0,0,1,0,1,1,0,1,1,1,0,0,1,0,1,1,0,0,1,0,1,0,1,0,0,1,1
"896",1,0,0,0,1,1,1,1,0,1,1,0,0,1,0,0,1,0,1,0,0,1,1,0,1,1,1,0,1,0,1,0,1,1,1,1,0,0,1,1
"897",1,1,0,0,0,0,0,0,0,0,1,1,0,1,0,1,1,1,1,1,0,1,1,0,0,1,0,1,0,0,0,1,1,0,0,0,0,0,1,1
"898",1,0,0,0,0,1,1,1,0,0,1,1,0,0,0,0,0,1,1,0,1,1,1,1,1,1,1,1,1,1,0,0,0,1,1,0,0,1,1,0
"899",1,0,0,1,1,0,1,0,1,0,1,1,1,0,0,1,0,1,1,1,1,1,1,0,1,1,0,1,0,0,0,0,0,0,1,0,0,1,1,0
"900",1,1,1,1,1,1,0,1,1,1,1,1,0,1,0,0,1,0,1,0,0,1,1,0,1,1,0,1,0,1,0,1,1,1,1,0,0,1,1,0
"901",0,0,0,1,0,1,0,1,0,0,0,0,1,1,0,0,0,1,1,0,0,1,1,0,0,0,1,1,1,0,0,0,0,1,0,0,0,0,0,0
"902",1,0,0,0,0,0,1,0,0,0,1,1,0,0,0,0,1,1,1,0,1,0,1,1,1,0,1,1,0,0,0,0,0,0,1,1,1,0,1,1
"903",1,1,0,0,0,1,1,1,0,0,1,0,0,1,0,1,1,1,1,1,1,1,1,0,1,0,0,1,0,0,1,1,0,1,1,0,0,1,1,1
"904",1,1,0,1,0,1,0,1,0,0,1,0,0,0,1,1,0,1,0,0,1,1,0,1,1,1,1,0,1,0,1,0,0,1,1,1,0,0,1,1
"905",0,0,0,0,0,1,0,0,0,1,0,1,0,0,1,1,1,0,1,1,1,1,0,0,0,1,0,0,0,0,0,1,1,0,1,1,1,0,1,1
"906",1,0,0,0,0,0,1,0,0,0,0,1,1,0,0,1,1,0,1,1,0,0,1,0,0,0,1,0,0,0,0,0,1,1,1,1,0,0,1,1
"907",1,0,0,1,1,1,1,0,0,0,1,0,1,0,0,1,1,1,1,1,1,1,0,0,0,0,1,0,0,0,0,0,0,1,1,0,0,1,1,1
"908",1,0,0,1,1,1,1,1,0,0,0,0,1,0,0,1,1,1,1,1,1,0,1,0,1,1,1,0,0,0,0,0,0,0,1,1,0,0,1,1
"909",1,1,0,1,0,1,1,0,0,0,1,0,0,1,0,1,1,0,0,0,0,0,1,1,1,0,0,1,1,0,0,0,0,0,0,0,0,0,1,1
"910",0,0,0,1,1,1,0,0,0,0,0,0,0,0,1,0,1,1,1,0,0,1,1,0,1,0,1,1,0,0,0,0,1,0,0,0,0,0,1,1
"911",1,0,0,0,1,1,1,1,0,1,1,1,1,0,0,0,1,0,1,1,1,0,0,1,1,1,1,0,1,1,0,0,1,1,1,1,0,1,1,0
"912",0,1,0,0,1,1,1,0,0,0,0,1,0,0,0,1,1,0,1,0,1,1,1,0,1,0,0,1,0,0,1,0,0,1,1,1,0,0,1,0
"913",1,1,0,1,0,1,0,0,0,0,0,1,1,0,0,1,1,1,0,0,0,1,0,0,1,1,0,1,1,0,0,0,1,1,1,1,1,1,1,1
"914",0,0,0,1,0,1,1,1,1,0,1,1,1,0,0,0,0,0,1,1,0,1,1,0,0,1,1,0,0,0,0,0,0,1,0,0,0,0,1,1
"915",1,1,0,1,0,1,1,0,0,0,1,0,0,0,0,1,1,1,1,1,0,1,1,0,1,1,0,0,0,0,0,0,0,0,1,0,0,0,1,1
"916",1,1,0,1,0,1,0,0,0,0,1,1,1,1,1,0,1,1,1,1,0,1,1,1,1,1,0,0,1,0,0,0,0,0,0,0,0,1,1,1
"917",0,1,0,1,0,1,1,1,0,1,1,0,0,0,0,0,1,1,0,0,0,0,1,0,0,1,0,1,0,1,0,0,0,1,1,0,0,1,1,1
"918",0,0,0,1,1,0,0,0,0,1,0,0,1,1,1,1,1,1,1,0,1,1,0,1,0,1,1,1,0,0,0,0,0,1,0,0,1,0,1,0
"919",1,1,1,0,1,1,0,1,0,1,1,1,1,0,0,0,1,1,1,0,1,1,1,1,0,0,1,1,0,0,1,0,0,1,0,0,0,0,1,1
"920",1,0,1,1,0,0,0,0,0,0,1,0,1,0,1,0,0,0,1,0,1,0,1,0,0,0,1,1,1,0,0,0,0,0,1,0,0,1,1,0
"921",0,0,0,1,1,1,1,1,0,0,1,0,1,1,1,1,1,0,1,0,0,0,0,0,1,1,0,1,0,0,0,0,0,0,1,1,0,1,1,0
"922",1,1,0,1,1,0,1,1,0,1,0,0,0,1,0,1,1,0,1,0,0,1,1,0,1,1,1,0,1,1,0,0,0,1,1,1,0,0,1,1
"923",1,0,0,1,0,1,0,1,0,0,1,0,0,1,0,0,1,1,1,0,1,1,1,1,1,1,1,1,1,0,1,0,1,0,0,0,0,0,1,1
"924",1,1,0,1,0,0,0,1,0,0,1,1,0,0,0,0,0,1,1,0,1,0,0,0,0,1,1,0,0,1,1,0,0,0,1,1,0,1,1,1
"925",1,0,0,0,0,1,1,1,0,0,0,1,0,1,0,1,1,1,0,1,0,1,0,0,1,1,1,1,0,0,0,0,0,0,0,1,0,0,1,1
"926",1,0,0,0,0,0,1,0,0,0,1,1,0,0,0,0,1,0,1,0,1,0,0,0,0,0,1,1,0,0,1,0,0,0,1,0,0,0,1,1
"927",1,1,0,1,1,0,1,1,0,0,0,0,1,1,0,1,1,1,1,1,1,1,1,0,0,0,0,0,0,0,0,1,0,1,1,0,0,0,1,1
"928",1,1,1,0,1,0,0,1,0,0,1,1,0,0,0,1,1,0,1,1,1,1,1,0,1,1,1,1,0,1,1,1,0,0,1,1,0,0,0,1
"929",1,1,0,1,0,1,1,1,0,0,1,1,0,1,1,1,1,1,1,1,0,0,1,0,1,0,1,1,0,0,1,0,0,0,0,0,0,0,1,0
"930",1,1,0,0,1,1,1,0,0,1,0,0,0,0,0,1,1,1,1,0,0,1,1,1,1,0,1,1,1,1,0,0,0,0,0,1,0,1,1,1
"931",0,1,0,1,0,1,1,1,0,1,1,0,1,0,0,1,0,1,1,1,1,0,1,0,0,1,1,1,0,1,0,0,0,0,0,1,0,0,1,0
"932",1,1,0,0,0,1,1,0,0,0,1,0,0,1,0,1,1,0,1,0,0,0,1,0,1,0,1,1,0,0,0,0,1,0,1,1,1,0,1,0
"933",1,0,0,1,0,0,1,1,0,0,1,0,1,0,0,0,1,0,1,0,1,1,0,0,1,1,1,1,1,1,0,0,0,1,1,1,0,1,1,1
"934",1,0,0,1,1,0,0,1,0,0,1,1,0,1,0,0,1,1,1,0,1,1,1,1,0,1,1,1,0,1,0,1,0,1,1,0,0,1,1,1
"935",1,1,1,1,0,1,0,1,0,0,0,1,1,1,0,1,1,0,1,1,0,1,1,0,0,1,1,1,1,0,0,0,0,1,1,0,0,1,1,1
"936",0,0,0,1,1,1,0,1,0,1,0,0,1,1,0,1,1,0,1,1,0,0,1,0,1,1,1,0,0,0,0,1,0,0,1,0,0,1,0,1
"937",1,0,0,1,1,0,1,0,0,0,1,1,1,0,0,0,1,0,0,1,0,1,1,0,0,0,0,0,0,0,0,0,0,0,0,1,0,1,1,0
"938",0,0,0,1,0,1,0,0,0,0,0,1,1,1,1,1,0,1,0,0,0,1,1,0,1,1,1,1,0,1,0,0,0,1,0,1,0,1,1,0
"939",1,0,1,0,0,1,1,0,0,0,1,1,1,0,1,0,1,1,0,0,1,0,1,0,1,1,1,0,0,1,0,0,0,1,1,0,0,0,1,1
"940",1,1,0,0,1,1,1,0,0,0,1,1,1,0,1,1,0,0,1,1,1,1,1,0,0,1,0,0,1,0,0,0,0,0,0,0,0,1,1,0
"941",1,0,0,0,1,1,1,0,0,0,0,1,0,0,0,0,1,1,1,1,1,1,1,0,0,1,1,0,0,0,0,0,0,0,1,1,0,0,1,0
"942",1,0,1,1,1,1,0,1,0,1,1,0,1,1,0,1,1,1,1,1,0,1,1,0,1,0,1,0,0,0,0,1,0,0,1,1,0,1,0,1
"943",1,0,1,0,1,0,1,1,0,0,1,0,0,1,1,0,1,0,1,0,1,0,1,0,1,0,1,1,0,1,0,1,0,0,1,1,0,0,1,0
"944",1,1,0,0,1,0,0,0,0,0,1,0,1,0,0,0,1,0,1,0,1,1,1,0,1,1,1,1,0,0,0,0,0,1,1,1,0,0,1,0
"945",0,0,0,1,0,1,1,1,0,0,0,1,1,0,0,0,1,1,1,1,1,0,1,0,1,0,1,1,1,0,0,1,0,1,1,0,0,0,1,0
"946",1,1,0,1,0,1,1,1,1,0,1,1,0,0,0,1,0,1,1,0,1,0,1,1,0,1,1,1,1,1,0,1,1,0,1,0,0,1,1,0
"947",0,1,0,1,0,1,0,1,0,1,0,1,1,0,0,1,1,0,1,0,1,0,1,0,1,1,1,1,1,0,0,0,0,1,1,0,0,0,1,1
"948",1,0,0,0,0,1,0,1,0,0,1,0,1,0,0,1,1,0,0,1,1,1,1,1,1,1,0,0,0,1,0,0,0,0,1,0,0,1,1,1
"949",1,0,0,1,0,0,0,1,0,1,0,1,1,0,0,0,0,0,0,1,1,1,1,1,0,1,0,1,1,1,0,0,0,0,0,0,0,1,0,1
"950",0,0,0,1,1,1,1,1,0,1,1,1,0,0,0,1,1,1,1,0,1,1,1,0,1,0,1,0,0,0,0,0,0,0,0,0,0,1,1,1
"951",1,1,0,1,0,0,1,1,1,0,1,0,1,1,0,0,0,0,1,1,1,1,1,0,1,1,1,0,0,1,0,1,0,0,1,1,0,1,1,0
"952",0,1,0,1,0,1,1,0,0,0,0,0,0,1,0,1,1,0,1,1,0,0,1,0,1,0,1,1,0,0,0,0,1,0,0,1,0,1,1,0
"953",1,1,0,0,0,1,1,1,0,1,1,1,0,1,0,0,1,1,1,1,1,1,1,1,0,1,0,1,0,1,0,0,0,1,1,1,0,0,1,1
"954",0,0,0,0,0,1,1,1,0,0,1,1,0,0,0,1,1,1,1,1,1,1,1,0,0,0,0,0,0,0,0,0,0,0,1,0,1,1,1,0
"955",1,1,0,1,1,1,0,0,0,1,1,0,0,0,0,1,0,0,1,1,0,1,1,1,0,1,1,0,1,0,0,1,0,0,1,1,0,1,1,1
"956",1,0,0,0,0,1,0,1,0,0,1,0,0,1,0,0,1,1,1,0,1,1,1,0,0,0,1,1,0,0,0,1,0,0,0,0,0,0,1,1
"957",1,0,0,1,1,1,1,1,0,0,0,1,0,1,0,0,1,0,1,1,1,1,1,0,0,0,0,1,1,1,0,0,0,1,1,0,0,1,1,0
"958",0,1,0,1,1,1,1,0,1,1,1,0,0,0,0,1,1,1,1,1,1,1,1,0,0,1,1,0,1,0,1,1,0,1,1,0,0,0,1,1
"959",0,1,0,1,1,0,0,1,0,0,1,1,1,1,0,1,0,1,1,1,1,0,1,0,1,0,1,0,1,0,0,1,0,0,0,0,0,0,1,0
"960",1,0,0,0,0,0,0,1,0,0,1,0,1,1,0,0,1,0,1,0,1,1,1,0,0,0,1,0,0,0,0,0,0,1,1,0,0,1,1,1
"961",0,1,0,0,1,1,1,1,1,0,1,0,0,1,0,1,1,0,1,0,1,0,1,1,1,0,1,0,1,0,1,0,1,1,1,1,0,1,1,0
"962",0,0,0,0,1,1,0,1,0,0,1,0,0,1,0,1,1,0,1,0,1,0,1,0,1,1,0,0,0,0,1,0,0,1,1,0,0,0,1,0
"963",1,0,0,1,0,0,1,1,0,0,1,0,1,1,1,1,0,0,1,1,0,1,1,0,0,1,0,1,0,0,0,0,0,0,1,1,0,0,1,1
"964",1,1,0,1,1,0,1,1,0,1,0,1,0,0,0,0,1,1,1,1,1,1,1,0,1,1,0,1,0,1,0,0,1,0,0,1,0,0,1,1
"965",0,0,0,0,0,0,1,1,0,0,1,1,1,0,0,0,1,1,1,1,1,0,1,0,1,0,0,1,1,0,0,1,1,1,1,0,0,1,1,1
"966",1,1,0,0,1,1,1,1,0,0,1,1,0,0,0,1,0,0,1,1,0,0,1,0,0,0,1,1,1,0,0,1,0,1,0,0,0,0,1,1
"967",0,0,0,1,1,1,1,0,1,0,1,1,1,0,0,0,1,1,1,1,1,1,1,0,1,1,0,0,0,0,0,1,0,1,0,0,1,1,1,0
"968",1,0,0,1,0,0,0,0,0,0,1,1,1,1,1,0,1,0,0,1,1,1,1,1,1,1,1,1,0,0,0,1,0,1,0,0,0,0,1,1
"969",1,0,0,1,0,1,1,1,0,1,1,1,1,0,0,0,0,1,1,1,0,1,1,0,0,1,1,0,1,0,0,0,0,1,0,0,0,0,1,1
"970",0,0,0,0,1,0,1,1,0,0,1,1,0,0,0,0,1,1,0,0,1,1,0,0,1,1,1,0,1,0,0,1,0,1,1,0,0,1,1,1
"971",1,1,0,1,0,1,0,0,0,0,1,0,0,0,0,1,1,1,1,0,1,1,1,1,0,1,0,0,0,0,1,0,0,0,0,0,0,1,1,1
"972",0,0,0,0,1,0,0,1,0,1,0,1,1,0,0,1,1,1,1,0,1,0,1,0,0,0,1,1,0,0,0,0,0,1,0,1,0,0,1,1
"973",0,1,0,1,0,1,1,0,0,0,1,1,1,1,0,0,1,1,1,0,1,0,1,0,0,0,1,0,0,0,1,0,0,0,1,0,1,1,1,0
"974",1,0,0,1,0,0,1,0,0,1,1,1,1,1,0,1,1,1,1,1,1,1,1,0,0,0,1,0,1,0,0,0,0,0,1,1,1,1,1,1
"975",0,1,0,1,1,1,1,1,0,1,1,1,0,0,0,0,1,1,1,0,1,1,1,0,1,1,1,0,1,1,1,0,0,0,1,1,0,0,1,1
"976",1,1,1,1,0,0,1,1,1,1,0,1,1,0,0,0,1,1,1,1,1,1,1,0,1,1,1,0,0,0,0,0,0,0,1,0,1,1,1,0
"977",0,1,0,1,0,1,0,1,1,0,1,0,1,0,0,0,1,1,1,1,1,0,1,1,1,1,0,1,1,0,0,0,0,1,1,0,0,1,1,1
"978",1,1,0,1,1,1,1,1,0,1,0,0,0,0,0,0,1,0,1,1,0,1,1,1,0,1,1,1,0,0,0,1,0,1,0,0,0,0,1,1
"979",0,0,0,0,0,0,1,0,0,0,1,0,1,0,0,0,1,0,1,0,1,1,1,0,1,0,1,0,0,0,0,0,0,0,0,0,0,1,0,1
"980",0,0,0,1,0,1,1,0,0,0,1,0,0,1,0,0,1,1,1,1,1,1,1,1,0,1,1,1,0,0,0,0,0,1,1,0,0,1,1,0
"981",0,0,1,0,0,1,1,1,0,0,1,0,0,0,0,1,1,0,0,1,0,1,1,0,0,0,1,0,1,0,0,0,0,1,1,1,0,0,1,0
"982",1,1,0,1,0,1,1,0,0,0,0,1,1,1,1,1,0,1,0,0,0,1,1,0,1,1,0,0,1,0,1,1,1,1,1,0,0,0,1,0
"983",0,1,0,1,1,1,1,0,1,1,1,0,1,0,0,1,1,1,1,1,1,1,1,0,1,1,1,1,1,1,0,0,0,1,1,0,0,0,1,1
"984",1,1,0,1,1,0,1,0,0,1,1,1,0,1,1,1,1,1,1,0,1,1,1,0,0,0,0,1,1,0,0,0,0,0,1,0,0,1,1,0
"985",1,0,1,0,0,1,1,0,0,0,1,0,1,1,0,1,1,1,1,1,1,1,1,0,0,1,1,1,1,1,0,0,0,0,1,1,0,1,1,0
"986",1,0,0,1,0,0,1,1,0,1,1,1,0,0,0,0,0,1,1,1,1,1,0,1,0,1,1,0,0,0,1,1,0,1,0,1,0,1,1,1
"987",0,0,1,1,0,1,0,0,0,0,0,0,0,1,0,1,0,1,1,0,0,1,1,0,0,1,0,0,1,1,0,1,0,1,0,1,0,0,1,0
"988",0,1,0,0,0,1,0,1,0,0,1,1,0,0,0,0,1,1,1,1,1,0,0,0,1,0,0,0,1,1,0,0,1,1,1,0,0,0,1,1
"989",0,1,0,0,1,1,0,1,1,0,1,1,0,0,0,1,0,1,1,1,0,0,1,0,1,0,0,1,1,1,0,0,0,1,0,1,1,0,1,1
"990",1,0,0,1,0,1,0,1,0,1,1,0,1,1,0,1,1,1,1,1,1,1,1,0,0,1,1,1,1,0,0,0,0,1,1,1,1,1,1,0
"991",1,1,1,0,0,1,0,1,0,0,1,1,0,0,0,1,1,0,1,1,1,1,1,1,1,1,1,0,0,0,0,0,0,0,0,0,0,0,1,1
"992",1,0,0,1,0,0,1,0,0,0,1,0,1,1,0,1,0,1,0,0,1,1,0,0,1,1,1,0,0,0,0,0,0,0,1,1,0,0,1,0
"993",0,1,0,1,1,1,1,0,1,0,1,1,0,1,0,1,1,1,1,0,1,1,1,1,0,1,0,0,1,1,0,1,0,1,1,1,0,1,1,1
"994",1,1,0,1,0,1,1,0,0,0,1,1,0,0,0,0,0,0,1,1,0,1,1,0,0,1,1,1,1,1,0,1,0,1,1,1,0,1,1,1
"995",1,0,0,1,0,1,1,1,0,1,1,0,1,0,0,0,1,0,0,0,0,1,1,1,1,0,1,1,0,1,0,0,0,1,0,1,0,1,0,0
"996",1,1,0,1,0,1,1,0,0,1,1,1,0,1,1,1,1,1,0,0,1,1,1,0,0,1,1,0,0,0,1,0,1,1,1,0,0,1,1,0
"997",0,1,1,1,0,1,0,0,0,0,0,1,0,0,0,1,1,0,1,0,0,1,1,1,0,1,1,0,1,0,0,0,1,1,1,1,1,1,1,0
"998",0,1,1,1,1,0,1,1,0,0,1,0,0,1,1,1,1,1,1,1,1,1,1,0,1,0,1,1,1,1,0,0,0,0,0,0,0,0,1,0
"999",1,1,0,1,1,1,1,1,0,0,1,0,0,0,0,1,1,1,1,0,1,1,1,1,1,0,1,0,0,0,0,1,0,0,0,1,0,0,1,1
"1000",1,1,0,0,0,1,1,0,0,1,1,1,0,1,0,1,1,1,1,1,1,0,1,0,0,0,1,0,1,1,0,0,0,1,1,0,0,1,1,0
